01/01/13;233,01;;;;;;;;;;;;;;;;;
02/01/13;269,3;;;;;;;;;;;;;;;;;
03/01/13;256,89;;;;;;;;;;;;;;;;;
04/01/13;253,87;;;;;;;;;;;;;;;;;
05/01/13;258,16;;;;;;;;;;;;;;;;;
06/01/13;254,88;;;;;;;;;;;;;;;;;
07/01/13;281,94;;;;;;;;;;;;;;;;;
08/01/13;296,42;;;;;;;;;;;;;;;;;
09/01/13;287,94;;;;;;;;;;;;;;;;;
10/01/13;297,48;;;;;;;;;;;;;;;;;
11/01/13;305,65;;;;;;;;;;;;;;;;;
12/01/13;297,13;;;;;;;;;;;;;;;;;
13/01/13;290,44;;;;;;;;;;;;;;;;;
14/01/13;341,62;;;;;;;;;;;;;;;;;
15/01/13;352,78;;;;;;;;;;;;;;;;;
16/01/13;376,38;;;;;;;;;;;;;;;;;
17/01/13;396,62;;;;;;;;;;;;;;;;;
18/01/13;354,21;;;;;;;;;;;;;;;;;
19/01/13;299,08;;;;;;;;;;;;;;;;;
20/01/13;286,64;;;;;;;;;;;;;;;;;
21/01/13;307,62;;;;;;;;;;;;;;;;;
22/01/13;350,21;;;;;;;;;;;;;;;;;
23/01/13;404,27;;;;;;;;;;;;;;;;;
24/01/13;413,69;;;;;;;;;;;;;;;;;
25/01/13;376,92;;;;;;;;;;;;;;;;;
26/01/13;277,88;;;;;;;;;;;;;;;;;
27/01/13;268,26;;;;;;;;;;;;;;;;;
28/01/13;281,08;;;;;;;;;;;;;;;;;
29/01/13;275,83;;;;;;;;;;;;;;;;;
30/01/13;264,4;;;;;;;;;;;;;;;;;
31/01/13;267,45;;;;;;;;;;;;;;;;;
01/02/13;286,84;;;;;;;;;;;;;;;;;
02/02/13;271,44;;;;;;;;;;;;;;;;;
03/02/13;267,62;;;;;;;;;;;;;;;;;
04/02/13;274,01;;;;;;;;;;;;;;;;;
05/02/13;275,67;;;;;;;;;;;;;;;;;
06/02/13;292,5;;;;;;;;;;;;;;;;;
07/02/13;305,21;;;;;;;;;;;;;;;;;
08/02/13;296;;;;;;;;;;;;;;;;;
09/02/13;286,35;;;;;;;;;;;;;;;;;
10/02/13;279,51;;;;;;;;;;;;;;;;;
11/02/13;310,51;;;;;;;;;;;;;;;;;
12/02/13;318,35;;;;;;;;;;;;;;;;;
13/02/13;333,91;;;;;;;;;;;;;;;;;
14/02/13;294,79;;;;;;;;;;;;;;;;;
15/02/13;296,22;;;;;;;;;;;;;;;;;
16/02/13;285,05;;;;;;;;;;;;;;;;;
17/02/13;279,12;;;;;;;;;;;;;;;;;
18/02/13;292,17;;;;;;;;;;;;;;;;;
19/02/13;287,63;;;;;;;;;;;;;;;;;
20/02/13;294,35;;;;;;;;;;;;;;;;;
21/02/13;324,31;;;;;;;;;;;;;;;;;
22/02/13;321,14;;;;;;;;;;;;;;;;;
23/02/13;288,02;;;;;;;;;;;;;;;;;
24/02/13;281,67;;;;;;;;;;;;;;;;;
25/02/13;298,24;;;;;;;;;;;;;;;;;
26/02/13;302,33;;;;;;;;;;;;;;;;;
27/02/13;307,75;;;;;;;;;;;;;;;;;
28/02/13;299,31;;;;;;;;;;;;;;;;;
01/03/13;302,92;;;;;;;;;;;;;;;;;
02/03/13;292,96;;;;;;;;;;;;;;;;;
03/03/13;291,78;;;;;;;;;;;;;;;;;
04/03/13;318,5;;;;;;;;;;;;;;;;;
05/03/13;304,47;;;;;;;;;;;;;;;;;
06/03/13;308,85;;;;;;;;;;;;;;;;;
07/03/13;307,66;;;;;;;;;;;;;;;;;
08/03/13;302,42;;;;;;;;;;;;;;;;;
09/03/13;297,1;;;;;;;;;;;;;;;;;
10/03/13;295,22;;;;;;;;;;;;;;;;;
11/03/13;327,57;;;;;;;;;;;;;;;;;
12/03/13;351,26;;;;;;;;;;;;;;;;;
13/03/13;373,3;;;;;;;;;;;;;;;;;
14/03/13;398,54;;;;;;;;;;;;;;;;;
15/03/13;364,87;;;;;;;;;;;;;;;;;
16/03/13;319,77;;;;;;;;;;;;;;;;;
17/03/13;309,11;;;;;;;;;;;;;;;;;
18/03/13;321,38;;;;;;;;;;;;;;;;;
19/03/13;337,66;;;;;;;;;;;;;;;;;
20/03/13;363,97;;;;;;;;;;;;;;;;;
21/03/13;424,14;;;;;;;;;;;;;;;;;
22/03/13;354,84;;;;;;;;;;;;;;;;;
23/03/13;334,98;;;;;;;;;;;;;;;;;
24/03/13;336,09;;;;;;;;;;;;;;;;;
25/03/13;349,77;;;;;;;;;;;;;;;;;
26/03/13;346,01;;;;;;;;;;;;;;;;;
27/03/13;356,14;;;;;;;;;;;;;;;;;
28/03/13;362,14;;;;;;;;;;;;;;;;;
29/03/13;352,32;;;;;;;;;;;;;;;;;
30/03/13;352,26;;;;;;;;;;;;;;;;;
31/03/13;346,7;;;;;;;;;;;;;;;;;
01/04/13;354,28;;;;;;;;;;;;;;;;;
02/04/13;421,21;;;;;;;;;;;;;;;;;
03/04/13;373,01;;;;;;;;;;;;;;;;;
04/04/13;375,64;;;;;;;;;;;;;;;;;
05/04/13;391,44;;;;;;;;;;;;;;;;;
06/04/13;368,38;;;;;;;;;;;;;;;;;
07/04/13;361,64;;;;;;;;;;;;;;;;;
08/04/13;435,91;;;;;;;;;;;;;;;;;
09/04/13;398,14;;;;;;;;;;;;;;;;;
10/04/13;401,25;;;;;;;;;;;;;;;;;
11/04/13;406,63;;;;;;;;;;;;;;;;;
12/04/13;400,17;;;;;;;;;;;;;;;;;
13/04/13;384,25;;;;;;;;;;;;;;;;;
14/04/13;352,47;;;;;;;;;;;;;;;;;
15/04/13;374,24;;;;;;;;;;;;;;;;;
16/04/13;377,97;;;;;;;;;;;;;;;;;
17/04/13;340,73;;;;;;;;;;;;;;;;;
18/04/13;295,14;;;;;;;;;;;;;;;;;
19/04/13;279,71;;;;;;;;;;;;;;;;;
20/04/13;293,92;;;;;;;;;;;;;;;;;
21/04/13;292,16;;;;;;;;;;;;;;;;;
22/04/13;319,11;;;;;;;;;;;;;;;;;
23/04/13;285;;;;;;;;;;;;;;;;;
24/04/13;306,26;;;;;;;;;;;;;;;;;
25/04/13;312,97;;;;;;;;;;;;;;;;;
26/04/13;307,85;;;;;;;;;;;;;;;;;
27/04/13;288,94;;;;;;;;;;;;;;;;;
28/04/13;273,14;;;;;;;;;;;;;;;;;
29/04/13;295,53;;;;;;;;;;;;;;;;;
30/04/13;301,13;;;;;;;;;;;;;;;;;
01/05/13;295,34;;;;;;;;;;;;;;;;;
02/05/13;317,44;;;;;;;;;;;;;;;;;
03/05/13;310,64;;;;;;;;;;;;;;;;;
04/05/13;291,18;;;;;;;;;;;;;;;;;
05/05/13;292,93;;;;;;;;;;;;;;;;;
06/05/13;332,87;;;;;;;;;;;;;;;;;
07/05/13;312,31;;;;;;;;;;;;;;;;;
08/05/13;292,06;;;;;;;;;;;;;;;;;
09/05/13;270,1;;;;;;;;;;;;;;;;;
10/05/13;269,28;;;;;;;;;;;;;;;;;
11/05/13;252,91;;;;;;;;;;;;;;;;;
12/05/13;257,5;;;;;;;;;;;;;;;;;
13/05/13;298,62;;;;;;;;;;;;;;;;;
14/05/13;300,22;;;;;;;;;;;;;;;;;
15/05/13;292,31;;;;;;;;;;;;;;;;;
16/05/13;274,12;;;;;;;;;;;;;;;;;
17/05/13;258,25;;;;;;;;;;;;;;;;;
18/05/13;229,26;;;;;;;;;;;;;;;;;
19/05/13;229,04;;;;;;;;;;;;;;;;;
20/05/13;248,19;;;;;;;;;;;;;;;;;
21/05/13;281,53;;;;;;;;;;;;;;;;;
22/05/13;253,1;;;;;;;;;;;;;;;;;
23/05/13;285,59;;;;;;;;;;;;;;;;;
24/05/13;288,04;;;;;;;;;;;;;;;;;
25/05/13;250,52;;;;;;;;;;;;;;;;;
26/05/13;216,72;;;;;;;;;;;;;;;;;
27/05/13;307,85;;;;;;;;;;;;;;;;;
28/05/13;291,3;;;;;;;;;;;;;;;;;
29/05/13;291,89;;;;;;;;;;;;;;;;;
30/05/13;281,7;;;;;;;;;;;;;;;;;
31/05/13;272,62;;;;;;;;;;;;;;;;;
01/06/13;254,09;;;;;;;;;;;;;;;;;
02/06/13;232,6;;;;;;;;;;;;;;;;;
03/06/13;281,68;;;;;;;;;;;;;;;;;
04/06/13;294,58;;;;;;;;;;;;;;;;;
05/06/13;302,9;;;;;;;;;;;;;;;;;
06/06/13;306,43;;;;;;;;;;;;;;;;;
07/06/13;303,58;;;;;;;;;;;;;;;;;
08/06/13;270,98;;;;;;;;;;;;;;;;;
09/06/13;268,98;;;;;;;;;;;;;;;;;
10/06/13;304,67;;;;;;;;;;;;;;;;;
11/06/13;312,19;;;;;;;;;;;;;;;;;
12/06/13;301,83;;;;;;;;;;;;;;;;;
13/06/13;277,79;;;;;;;;;;;;;;;;;
14/06/13;259,51;;;;;;;;;;;;;;;;;
15/06/13;245,62;;;;;;;;;;;;;;;;;
16/06/13;216,1;;;;;;;;;;;;;;;;;
17/06/13;273,3;;;;;;;;;;;;;;;;;
18/06/13;274,51;;;;;;;;;;;;;;;;;
19/06/13;262,32;;;;;;;;;;;;;;;;;
20/06/13;262,5;;;;;;;;;;;;;;;;;
21/06/13;227,88;;;;;;;;;;;;;;;;;
22/06/13;137,98;;;;;;;;;;;;;;;;;
23/06/13;152,95;;;;;;;;;;;;;;;;;
24/06/13;250,29;;;;;;;;;;;;;;;;;
25/06/13;268,98;;;;;;;;;;;;;;;;;
26/06/13;245,17;;;;;;;;;;;;;;;;;
27/06/13;260,13;;;;;;;;;;;;;;;;;
28/06/13;260,9;;;;;;;;;;;;;;;;;
29/06/13;232,16;;;;;;;;;;;;;;;;;
30/06/13;204,93;;;;;;;;;;;;;;;;;
01/07/13;257,66;;;;;;;;;;;;;;;;;
02/07/13;263,33;;;;;;;;;;;;;;;;;
03/07/13;255,33;;;;;;;;;;;;;;;;;
04/07/13;261,77;;;;;;;;;;;;;;;;;
05/07/13;251,5;;;;;;;;;;;;;;;;;
06/07/13;231,29;;;;;;;;;;;;;;;;;
07/07/13;230,8;;;;;;;;;;;;;;;;;
08/07/13;257,46;;;;;;;;;;;;;;;;;
09/07/13;253,1;;;;;;;;;;;;;;;;;
10/07/13;244,2;;;;;;;;;;;;;;;;;
11/07/13;259,58;;;;;;;;;;;;;;;;;
12/07/13;266,26;;;;;;;;;;;;;;;;;
13/07/13;256,15;;;;;;;;;;;;;;;;;
14/07/13;243,24;;;;;;;;;;;;;;;;;
15/07/13;265,38;;;;;;;;;;;;;;;;;
16/07/13;274,57;;;;;;;;;;;;;;;;;
17/07/13;284,54;;;;;;;;;;;;;;;;;
18/07/13;282,94;;;;;;;;;;;;;;;;;
19/07/13;271,27;;;;;;;;;;;;;;;;;
20/07/13;269,88;;;;;;;;;;;;;;;;;
21/07/13;267,7;;;;;;;;;;;;;;;;;
22/07/13;285,84;;;;;;;;;;;;;;;;;
23/07/13;284,17;;;;;;;;;;;;;;;;;
24/07/13;290,6;;;;;;;;;;;;;;;;;
25/07/13;288,92;;;;;;;;;;;;;;;;;
26/07/13;287,77;;;;;;;;;;;;;;;;;
27/07/13;275,91;;;;;;;;;;;;;;;;;
28/07/13;260,86;;;;;;;;;;;;;;;;;
29/07/13;286,57;;;;;;;;;;;;;;;;;
30/07/13;278,94;;;;;;;;;;;;;;;;;
31/07/13;278,23;;;;;;;;;;;;;;;;;
01/08/13;285,23;;;;;;;;;;;;;;;;;
02/08/13;275,92;;;;;;;;;;;;;;;;;
03/08/13;263,24;;;;;;;;;;;;;;;;;
04/08/13;268,7;;;;;;;;;;;;;;;;;
05/08/13;275,92;;;;;;;;;;;;;;;;;
06/08/13;279,27;;;;;;;;;;;;;;;;;
07/08/13;283,67;;;;;;;;;;;;;;;;;
08/08/13;286,23;;;;;;;;;;;;;;;;;
09/08/13;283,5;;;;;;;;;;;;;;;;;
10/08/13;269,42;;;;;;;;;;;;;;;;;
11/08/13;261,83;;;;;;;;;;;;;;;;;
12/08/13;282,22;;;;;;;;;;;;;;;;;
13/08/13;275,74;;;;;;;;;;;;;;;;;
14/08/13;270,46;;;;;;;;;;;;;;;;;
15/08/13;274,8;;;;;;;;;;;;;;;;;
16/08/13;271,37;;;;;;;;;;;;;;;;;
17/08/13;262,14;;;;;;;;;;;;;;;;;
18/08/13;234,06;;;;;;;;;;;;;;;;;
19/08/13;290,03;;;;;;;;;;;;;;;;;
20/08/13;289,34;;;;;;;;;;;;;;;;;
21/08/13;291,25;;;;;;;;;;;;;;;;;
22/08/13;296,83;;;;;;;;;;;;;;;;;
23/08/13;293,66;;;;;;;;;;;;;;;;;
24/08/13;274,75;;;;;;;;;;;;;;;;;
25/08/13;270,82;;;;;;;;;;;;;;;;;
26/08/13;302,89;;;;;;;;;;;;;;;;;
27/08/13;306,17;;;;;;;;;;;;;;;;;
28/08/13;308,16;;;;;;;;;;;;;;;;;
29/08/13;305,69;;;;;;;;;;;;;;;;;
30/08/13;296,77;;;;;;;;;;;;;;;;;
31/08/13;275,4;;;;;;;;;;;;;;;;;
01/09/13;263,02;;;;;;;;;;;;;;;;;
02/09/13;280,39;;;;;;;;;;;;;;;;;
03/09/13;305,41;;;;;;;;;;;;;;;;;
04/09/13;311,74;;;;;;;;;;;;;;;;;
05/09/13;310,93;;;;;;;;;;;;;;;;;
06/09/13;297,24;;;;;;;;;;;;;;;;;
07/09/13;293,36;;;;;;;;;;;;;;;;;
08/09/13;288,11;;;;;;;;;;;;;;;;;
09/09/13;325,21;;;;;;;;;;;;;;;;;
10/09/13;334,31;;;;;;;;;;;;;;;;;
11/09/13;331,37;;;;;;;;;;;;;;;;;
12/09/13;330,18;;;;;;;;;;;;;;;;;
13/09/13;332,26;;;;;;;;;;;;;;;;;
14/09/13;300,06;;;;;;;;;;;;;;;;;
15/09/13;286,9;;;;;;;;;;;;;;;;;
16/09/13;296,91;;;;;;;;;;;;;;;;;
17/09/13;300,36;;;;;;;;;;;;;;;;;
18/09/13;309,15;;;;;;;;;;;;;;;;;
19/09/13;312,51;;;;;;;;;;;;;;;;;
20/09/13;308,63;;;;;;;;;;;;;;;;;
21/09/13;283,64;;;;;;;;;;;;;;;;;
22/09/13;265,78;;;;;;;;;;;;;;;;;
23/09/13;288,18;;;;;;;;;;;;;;;;;
24/09/13;323,82;;;;;;;;;;;;;;;;;
25/09/13;337,4;;;;;;;;;;;;;;;;;
26/09/13;329,54;;;;;;;;;;;;;;;;;
27/09/13;320,77;;;;;;;;;;;;;;;;;
28/09/13;306,92;;;;;;;;;;;;;;;;;
29/09/13;300,63;;;;;;;;;;;;;;;;;
30/09/13;321,39;;;;;;;;;;;;;;;;;
01/10/13;335,4;;;;;;;;;;;;;;;;;
02/10/13;323,06;;;;;;;;;;;;;;;;;
03/10/13;309,25;;;;;;;;;;;;;;;;;
04/10/13;306,82;;;;;;;;;;;;;;;;;
05/10/13;298,8;;;;;;;;;;;;;;;;;
06/10/13;302,32;;;;;;;;;;;;;;;;;
07/10/13;315,5;;;;;;;;;;;;;;;;;
08/10/13;317,7;;;;;;;;;;;;;;;;;
09/10/13;306,8;;;;;;;;;;;;;;;;;
10/10/13;313,52;;;;;;;;;;;;;;;;;
11/10/13;310,03;;;;;;;;;;;;;;;;;
12/10/13;303,82;;;;;;;;;;;;;;;;;
13/10/13;304,75;;;;;;;;;;;;;;;;;
14/10/13;335,1;;;;;;;;;;;;;;;;;
15/10/13;342,3;;;;;;;;;;;;;;;;;
16/10/13;350,15;;;;;;;;;;;;;;;;;
17/10/13;333,65;;;;;;;;;;;;;;;;;
18/10/13;331,6;;;;;;;;;;;;;;;;;
19/10/13;320,98;;;;;;;;;;;;;;;;;
20/10/13;318,07;;;;;;;;;;;;;;;;;
21/10/13;356,86;;;;;;;;;;;;;;;;;
22/10/13;323,43;;;;;;;;;;;;;;;;;
23/10/13;307,09;;;;;;;;;;;;;;;;;
24/10/13;303,79;;;;;;;;;;;;;;;;;
25/10/13;306,48;;;;;;;;;;;;;;;;;
26/10/13;276,46;;;;;;;;;;;;;;;;;
27/10/13;278,65;;;;;;;;;;;;;;;;;
28/10/13;279,36;;;;;;;;;;;;;;;;;
29/10/13;282,54;;;;;;;;;;;;;;;;;
30/10/13;280,31;;;;;;;;;;;;;;;;;
31/10/13;278,89;;;;;;;;;;;;;;;;;
01/11/13;279,93;;;;;;;;;;;;;;;;;
02/11/13;275,17;;;;;;;;;;;;;;;;;
03/11/13;265,04;;;;;;;;;;;;;;;;;
04/11/13;278,9;;;;;;;;;;;;;;;;;
05/11/13;291,86;;;;;;;;;;;;;;;;;
06/11/13;299,95;;;;;;;;;;;;;;;;;
07/11/13;297,87;;;;;;;;;;;;;;;;;
08/11/13;296,81;;;;;;;;;;;;;;;;;
09/11/13;287,75;;;;;;;;;;;;;;;;;
10/11/13;284,88;;;;;;;;;;;;;;;;;
11/11/13;312,9;;;;;;;;;;;;;;;;;
12/11/13;299,36;;;;;;;;;;;;;;;;;
13/11/13;302,21;;;;;;;;;;;;;;;;;
14/11/13;312,82;;;;;;;;;;;;;;;;;
15/11/13;302,92;;;;;;;;;;;;;;;;;
16/11/13;271,07;;;;;;;;;;;;;;;;;
17/11/13;275,75;;;;;;;;;;;;;;;;;
18/11/13;309,98;;;;;;;;;;;;;;;;;
19/11/13;317,78;;;;;;;;;;;;;;;;;
20/11/13;336,41;;;;;;;;;;;;;;;;;
21/11/13;337,7;;;;;;;;;;;;;;;;;
22/11/13;338,31;;;;;;;;;;;;;;;;;
23/11/13;303,98;;;;;;;;;;;;;;;;;
24/11/13;288,24;;;;;;;;;;;;;;;;;
25/11/13;338,08;;;;;;;;;;;;;;;;;
26/11/13;344,66;;;;;;;;;;;;;;;;;
27/11/13;296,85;;;;;;;;;;;;;;;;;
28/11/13;283,58;;;;;;;;;;;;;;;;;
29/11/13;304,56;;;;;;;;;;;;;;;;;
30/11/13;299,35;;;;;;;;;;;;;;;;;
01/12/13;279,51;;;;;;;;;;;;;;;;;
02/12/13;348,9;;;;;;;;;;;;;;;;;
03/12/13;302,35;;;;;;;;;;;;;;;;;
04/12/13;293,55;;;;;;;;;;;;;;;;;
05/12/13;287,17;;;;;;;;;;;;;;;;;
06/12/13;287,36;;;;;;;;;;;;;;;;;
07/12/13;299,44;;;;;;;;;;;;;;;;;
08/12/13;300,23;;;;;;;;;;;;;;;;;
09/12/13;363,36;;;;;;;;;;;;;;;;;
10/12/13;324,8;;;;;;;;;;;;;;;;;
11/12/13;306,23;;;;;;;;;;;;;;;;;
12/12/13;287,33;;;;;;;;;;;;;;;;;
13/12/13;290,55;;;;;;;;;;;;;;;;;
14/12/13;277,14;;;;;;;;;;;;;;;;;
15/12/13;261,62;;;;;;;;;;;;;;;;;
16/12/13;267,58;;;;;;;;;;;;;;;;;
17/12/13;277,59;;;;;;;;;;;;;;;;;
18/12/13;283,75;;;;;;;;;;;;;;;;;
19/12/13;261,45;;;;;;;;;;;;;;;;;
20/12/13;261,88;;;;;;;;;;;;;;;;;
21/12/13;243,94;;;;;;;;;;;;;;;;;
22/12/13;233,37;;;;;;;;;;;;;;;;;
23/12/13;247,96;;;;;;;;;;;;;;;;;
24/12/13;230,56;;;;;;;;;;;;;;;;;
25/12/13;238,09;;;;;;;;;;;;;;;;;
26/12/13;248,12;;;;;;;;;;;;;;;;;
27/12/13;248,67;;;;;;;;;;;;;;;;;
28/12/13;235,58;;;;;;;;;;;;;;;;;
29/12/13;241;;;;;;;;;;;;;;;;;
30/12/13;249,17;;;;;;;;;;;;;;;;;
31/12/13;243,72;;;;;;;;;;;;;;;;;
01/01/14;236,68;;;;;;;;;;;;;;;;;
02/01/14;250,4;;;;;;;;;;;;;;;;;
03/01/14;246,12;;;;;;;;;;;;;;;;;
04/01/14;234,79;;;;;;;;;;;;;;;;;
05/01/14;243,71;;;;;;;;;;;;;;;;;
06/01/14;236,55;;;;;;;;;;;;;;;;;
07/01/14;245,31;;;;;;;;;;;;;;;;;
08/01/14;246,56;;;;;;;;;;;;;;;;;
09/01/14;250,54;;;;;;;;;;;;;;;;;
10/01/14;254,22;;;;;;;;;;;;;;;;;
11/01/14;250,8;;;;;;;;;;;;;;;;;
12/01/14;255,62;;;;;;;;;;;;;;;;;
13/01/14;329,32;;;;;;;;;;;;;;;;;
14/01/14;348,34;;;;;;;;;;;;;;;;;
15/01/14;347,45;;;;;;;;;;;;;;;;;
16/01/14;270,76;;;;;;;;;;;;;;;;;
17/01/14;286,73;;;;;;;;;;;;;;;;;
18/01/14;259,16;;;;;;;;;;;;;;;;;
19/01/14;256,34;;;;;;;;;;;;;;;;;
20/01/14;288,8;;;;;;;;;;;;;;;;;
21/01/14;353,14;;;;;;;;;;;;;;;;;
22/01/14;355,5;;;;;;;;;;;;;;;;;
23/01/14;337,94;;;;;;;;;;;;;;;;;
24/01/14;346,18;;;;;;;;;;;;;;;;;
25/01/14;274,23;;;;;;;;;;;;;;;;;
26/01/14;265,55;;;;;;;;;;;;;;;;;
27/01/14;277,78;;;;;;;;;;;;;;;;;
28/01/14;286,53;;;;;;;;;;;;;;;;;
29/01/14;289,51;;;;;;;;;;;;;;;;;
30/01/14;303,87;;;;;;;;;;;;;;;;;
31/01/14;315,11;;;;;;;;;;;;;;;;;
01/02/14;264,23;;;;;;;;;;;;;;;;;
02/02/14;256,35;;;;;;;;;;;;;;;;;
03/02/14;281,48;;;;;;;;;;;;;;;;;
04/02/14;274;;;;;;;;;;;;;;;;;
05/02/14;271,33;;;;;;;;;;;;;;;;;
06/02/14;265,9;;;;;;;;;;;;;;;;;
07/02/14;255,82;;;;;;;;;;;;;;;;;
08/02/14;242,68;;;;;;;;;;;;;;;;;
09/02/14;237,26;;;;;;;;;;;;;;;;;
10/02/14;261,82;;;;;;;;;;;;;;;;;
11/02/14;265,94;;;;;;;;;;;;;;;;;
12/02/14;262,8;;;;;;;;;;;;;;;;;
13/02/14;258,41;;;;;;;;;;;;;;;;;
14/02/14;258,57;;;;;;;;;;;;;;;;;
15/02/14;231,71;;;;;;;;;;;;;;;;;
16/02/14;230,26;;;;;;;;;;;;;;;;;
17/02/14;253,82;;;;;;;;;;;;;;;;;
18/02/14;263,95;;;;;;;;;;;;;;;;;
19/02/14;281,54;;;;;;;;;;;;;;;;;
20/02/14;266,3;;;;;;;;;;;;;;;;;
21/02/14;249,19;;;;;;;;;;;;;;;;;
22/02/14;232,32;;;;;;;;;;;;;;;;;
23/02/14;218,29;;;;;;;;;;;;;;;;;
24/02/14;229,66;;;;;;;;;;;;;;;;;
25/02/14;234,09;;;;;;;;;;;;;;;;;
26/02/14;250,04;;;;;;;;;;;;;;;;;
27/02/14;246,14;;;;;;;;;;;;;;;;;
28/02/14;247;;;;;;;;;;;;;;;;;
01/03/14;239,04;;;;;;;;;;;;;;;;;
02/03/14;230,58;;;;;;;;;;;;;;;;;
03/03/14;233,72;;;;;;;;;;;;;;;;;
04/03/14;254,89;;;;;;;;;;;;;;;;;
05/03/14;258,54;;;;;;;;;;;;;;;;;
06/03/14;235,59;;;;;;;;;;;;;;;;;
07/03/14;216,96;;;;;;;;;;;;;;;;;
08/03/14;212,43;;;;;;;;;;;;;;;;;
09/03/14;195,43;;;;;;;;;;;;;;;;;
10/03/14;220,12;;;;;;;;;;;;;;;;;
11/03/14;225,59;;;;;;;;;;;;;;;;;
12/03/14;222,77;;;;;;;;;;;;;;;;;
13/03/14;225,64;;;;;;;;;;;;;;;;;
14/03/14;217,46;;;;;;;;;;;;;;;;;
15/03/14;194,89;;;;;;;;;;;;;;;;;
16/03/14;199,24;;;;;;;;;;;;;;;;;
17/03/14;215,2;;;;;;;;;;;;;;;;;
18/03/14;222,27;;;;;;;;;;;;;;;;;
19/03/14;211,94;;;;;;;;;;;;;;;;;
20/03/14;203,14;;;;;;;;;;;;;;;;;
21/03/14;196,3;;;;;;;;;;;;;;;;;
22/03/14;202,6;;;;;;;;;;;;;;;;;
23/03/14;198,37;;;;;;;;;;;;;;;;;
24/03/14;230,34;;;;;;;;;;;;;;;;;
25/03/14;228,2;;;;;;;;;;;;;;;;;
26/03/14;227,98;;;;;;;;;;;;;;;;;
27/03/14;234,21;;;;;;;;;;;;;;;;;
28/03/14;236,13;;;;;;;;;;;;;;;;;
29/03/14;223,25;;;;;;;;;;;;;;;;;
30/03/14;221,39;;;;;;;;;;;;;;;;;
31/03/14;243,63;;;;;;;;;;;;;;;;;
01/04/14;261,83;;;;;;;;;;;;;;;;;
02/04/14;257,76;;;;;;;;;;;;;;;;;
03/04/14;244,75;;;;;;;;;;;;;;;;;
04/04/14;231,15;;;;;;;;;;;;;;;;;
05/04/14;222,43;;;;;;;;;;;;;;;;;
06/04/14;212,76;;;;;;;;;;;;;;;;;
07/04/14;231,32;;;;;;;;;;;;;;;;;
08/04/14;213,93;;;;;;;;;;;;;;;;;
09/04/14;209,93;;;;;;;;;;;;;;;;;
10/04/14;239,96;;;;;;;;;;;;;;;;;
11/04/14;220,2;;;;;;;;;;;;;;;;;
12/04/14;199,18;;;;;;;;;;;;;;;;;
13/04/14;159,8;;;;;;;;;;;;;;;;;
14/04/14;189,15;;;;;;;;;;;;;;;;;
15/04/14;198,86;;;;;;;;;;;;;;;;;
16/04/14;212,1;;;;;;;;;;;;;;;;;
17/04/14;191,97;;;;;;;;;;;;;;;;;
18/04/14;192,47;;;;;;;;;;;;;;;;;
19/04/14;198,19;;;;;;;;;;;;;;;;;
20/04/14;179,69;;;;;;;;;;;;;;;;;
21/04/14;181,16;;;;;;;;;;;;;;;;;
22/04/14;199,31;;;;;;;;;;;;;;;;;
23/04/14;199,09;;;;;;;;;;;;;;;;;
24/04/14;211,44;;;;;;;;;;;;;;;;;
25/04/14;215,3;;;;;;;;;;;;;;;;;
26/04/14;200,15;;;;;;;;;;;;;;;;;
27/04/14;184,08;;;;;;;;;;;;;;;;;
28/04/14;215,96;;;;;;;;;;;;;;;;;
29/04/14;216,52;;;;;;;;;;;;;;;;;
30/04/14;229,96;;;;;;;;;;;;;;;;;
01/05/14;192,97;;;;;;;;;;;;;;;;;
02/05/14;216,33;;;;;;;;;;;;;;;;;
03/05/14;203,43;;;;;;;;;;;;;;;;;
04/05/14;208,97;;;;;;;;;;;;;;;;;
05/05/14;245,52;;;;;;;;;;;;;;;;;
06/05/14;239,52;;;;;;;;;;;;;;;;;
07/05/14;245,49;;;;;;;;;;;;;;;;;
08/05/14;252,42;;;;;;;;;;;;;;;;;
09/05/14;252,24;;;;;;;;;;;;;;;;;
10/05/14;217,22;;;;;;;;;;;;;;;;;
11/05/14;214,91;;;;;;;;;;;;;;;;;
12/05/14;265,68;;;;;;;;;;;;;;;;;
13/05/14;261,25;;;;;;;;;;;;;;;;;
14/05/14;257,91;;;;;;;;;;;;;;;;;
15/05/14;251,34;;;;;;;;;;;;;;;;;
16/05/14;231,19;;;;;;;;;;;;;;;;;
17/05/14;191,23;;;;;;;;;;;;;;;;;
18/05/14;179,73;;;;;;;;;;;;;;;;;
19/05/14;225,01;;;;;;;;;;;;;;;;;
20/05/14;225,54;;;;;;;;;;;;;;;;;
21/05/14;214,17;;;;;;;;;;;;;;;;;
22/05/14;198,36;;;;;;;;;;;;;;;;;
23/05/14;200,23;;;;;;;;;;;;;;;;;
24/05/14;152,46;;;;;;;;;;;;;;;;;
25/05/14;142,65;;;;;;;;;;;;;;;;;
26/05/14;228,17;;;;;;;;;;;;;;;;;
27/05/14;210,47;;;;;;;;;;;;;;;;;
28/05/14;205,01;;;;;;;;;;;;;;;;;
29/05/14;169,11;;;;;;;;;;;;;;;;;
30/05/14;207,6;;;;;;;;;;;;;;;;;
31/05/14;151,77;;;;;;;;;;;;;;;;;
01/06/14;157,75;;;;;;;;;;;;;;;;;
02/06/14;231,67;;;;;;;;;;;;;;;;;
03/06/14;236,41;;;;;;;;;;;;;;;;;
04/06/14;231,26;;;;;;;;;;;;;;;;;
05/06/14;213,15;;;;;;;;;;;;;;;;;
06/06/14;200,71;;;;;;;;;;;;;;;;;
07/06/14;167,28;;;;;;;;;;;;;;;;;
08/06/14;153,08;;;;;;;;;;;;;;;;;
09/06/14;188,74;;;;;;;;;;;;;;;;;
10/06/14;208,35;;;;;;;;;;;;;;;;;
11/06/14;215,34;;;;;;;;;;;;;;;;;
12/06/14;215,75;;;;;;;;;;;;;;;;;
13/06/14;181,27;;;;;;;;;;;;;;;;;
14/06/14;152,43;;;;;;;;;;;;;;;;;
15/06/14;153,54;;;;;;;;;;;;;;;;;
16/06/14;206,67;;;;;;;;;;;;;;;;;
17/06/14;227,01;;;;;;;;;;;;;;;;;
18/06/14;218,38;;;;;;;;;;;;;;;;;
19/06/14;192,55;;;;;;;;;;;;;;;;;
20/06/14;184,12;;;;;;;;;;;;;;;;;
21/06/14;173,1;;;;;;;;;;;;;;;;;
22/06/14;168,09;;;;;;;;;;;;;;;;;
23/06/14;222,21;;;;;;;;;;;;;;;;;
24/06/14;252,15;;;;;;;;;;;;;;;;;
25/06/14;256,38;;;;;;;;;;;;;;;;;
26/06/14;256,64;;;;;;;;;;;;;;;;;
27/06/14;248,15;;;;;;;;;;;;;;;;;
28/06/14;226,48;;;;;;;;;;;;;;;;;
29/06/14;217,5;;;;;;;;;;;;;;;;;
30/06/14;251,76;;;;;;;;;;;;;;;;;
01/07/14;256,64;;;;;;;;;;;;;;;;;
02/07/14;250,28;;;;;;;;;;;;;;;;;
03/07/14;233,21;;;;;;;;;;;;;;;;;
04/07/14;236,51;;;;;;;;;;;;;;;;;
05/07/14;223,03;;;;;;;;;;;;;;;;;
06/07/14;208,36;;;;;;;;;;;;;;;;;
07/07/14;234,72;;;;;;;;;;;;;;;;;
08/07/14;228,74;;;;;;;;;;;;;;;;;
09/07/14;218,61;;;;;;;;;;;;;;;;;
10/07/14;231,14;;;;;;;;;;;;;;;;;
11/07/14;234,22;;;;;;;;;;;;;;;;;
12/07/14;224,46;;;;;;;;;;;;;;;;;
13/07/14;208,98;;;;;;;;;;;;;;;;;
14/07/14;230,77;;;;;;;;;;;;;;;;;
15/07/14;243,02;;;;;;;;;;;;;;;;;
16/07/14;246,97;;;;;;;;;;;;;;;;;
17/07/14;245,92;;;;;;;;;;;;;;;;;
18/07/14;242,62;;;;;;;;;;;;;;;;;
19/07/14;230,93;;;;;;;;;;;;;;;;;
20/07/14;208,22;;;;;;;;;;;;;;;;;
21/07/14;235,59;;;;;;;;;;;;;;;;;
22/07/14;245,57;;;;;;;;;;;;;;;;;
23/07/14;247,93;;;;;;;;;;;;;;;;;
24/07/14;245,56;;;;;;;;;;;;;;;;;
25/07/14;250,34;;;;;;;;;;;;;;;;;
26/07/14;253,34;;;;;;;;;;;;;;;;;
27/07/14;250,76;;;;;;;;;;;;;;;;;
28/07/14;264,94;;;;;;;;;;;;;;;;;
29/07/14;266,36;;;;;;;;;;;;;;;;;
30/07/14;262,19;;;;;;;;;;;;;;;;;
31/07/14;260,36;;;;;;;;;;;;;;;;;
01/08/14;260,77;;;;;;;;;;;;;;;;;
02/08/14;246,73;;;;;;;;;;;;;;;;;
03/08/14;248,23;;;;;;;;;;;;;;;;;
04/08/14;268,19;;;;;;;;;;;;;;;;;
05/08/14;271,7;;;;;;;;;;;;;;;;;
06/08/14;272,31;;;;;;;;;;;;;;;;;
07/08/14;274,35;;;;;;;;;;;;;;;;;
08/08/14;271,97;;;;;;;;;;;;;;;;;
09/08/14;243,19;;;;;;;;;;;;;;;;;
10/08/14;241,11;;;;;;;;;;;;;;;;;
11/08/14;248,61;;;;;;;;;;;;;;;;;
12/08/14;262,33;;;;;;;;;;;;;;;;;
13/08/14;268,8;;;;;;;;;;;;;;;;;
14/08/14;269,66;;;;;;;;;;;;;;;;;
15/08/14;270,29;;;;;;;;;;;;;;;;;
16/08/14;251,94;;;;;;;;;;;;;;;;;
17/08/14;244,42;;;;;;;;;;;;;;;;;
18/08/14;267,73;;;;;;;;;;;;;;;;;
19/08/14;272,65;;;;;;;;;;;;;;;;;
20/08/14;268,62;;;;;;;;;;;;;;;;;
21/08/14;271,87;;;;;;;;;;;;;;;;;
22/08/14;269,31;;;;;;;;;;;;;;;;;
23/08/14;250,61;;;;;;;;;;;;;;;;;
24/08/14;248,09;;;;;;;;;;;;;;;;;
25/08/14;275,83;;;;;;;;;;;;;;;;;
26/08/14;296,17;;;;;;;;;;;;;;;;;
27/08/14;286,65;;;;;;;;;;;;;;;;;
28/08/14;281,6;;;;;;;;;;;;;;;;;
29/08/14;275,95;;;;;;;;;;;;;;;;;
30/08/14;265,27;;;;;;;;;;;;;;;;;
31/08/14;267,36;;;;;;;;;;;;;;;;;
01/09/14;284,31;;;;;;;;;;;;;;;;;
02/09/14;289,78;;;;;;;;;;;;;;;;;
03/09/14;284,05;;;;;;;;;;;;;;;;;
04/09/14;281,32;;;;;;;;;;;;;;;;;
05/09/14;289,3;;;;;;;;;;;;;;;;;
06/09/14;274,77;;;;;;;;;;;;;;;;;
07/09/14;274,46;;;;;;;;;;;;;;;;;
08/09/14;282,77;;;;;;;;;;;;;;;;;
09/09/14;281,52;;;;;;;;;;;;;;;;;
10/09/14;283,79;;;;;;;;;;;;;;;;;
11/09/14;286,7;;;;;;;;;;;;;;;;;
12/09/14;283,92;;;;;;;;;;;;;;;;;
13/09/14;280,63;;;;;;;;;;;;;;;;;
14/09/14;277,71;;;;;;;;;;;;;;;;;
15/09/14;300,35;;;;;;;;;;;;;;;;;
16/09/14;310,48;;;;;;;;;;;;;;;;;
17/09/14;303,17;;;;;;;;;;;;;;;;;
18/09/14;304,75;;;;;;;;;;;;;;;;;
19/09/14;300,36;;;;;;;;;;;;;;;;;
20/09/14;286,37;;;;;;;;;;;;;;;;;
21/09/14;274,96;;;;;;;;;;;;;;;;;
22/09/14;279,29;;;;;;;;;;;;;;;;;
23/09/14;303,54;;;;;;;;;;;;;;;;;
24/09/14;297,21;;;;;;;;;;;;;;;;;
25/09/14;287,25;;;;;;;;;;;;;;;;;
26/09/14;274,02;;;;;;;;;;;;;;;;;
27/09/14;260;;;;;;;;;;;;;;;;;
28/09/14;264,84;;;;;;;;;;;;;;;;;
29/09/14;278,64;;;;;;;;;;;;;;;;;
30/09/14;291,57;;;;;;;;;;;;;;;;;
01/10/14;288,02;;;;;;;;;;;;;;;;;
02/10/14;288,21;;;;;;;;;;;;;;;;;
03/10/14;273,72;;;;;;;;;;;;;;;;;
04/10/14;261,81;;;;;;;;;;;;;;;;;
05/10/14;259,9;;;;;;;;;;;;;;;;;
06/10/14;264,28;;;;;;;;;;;;;;;;;
07/10/14;261,56;;;;;;;;;;;;;;;;;
08/10/14;264,8;;;;;;;;;;;;;;;;;
09/10/14;268,85;;;;;;;;;;;;;;;;;
10/10/14;264,23;;;;;;;;;;;;;;;;;
11/10/14;270,41;;;;;;;;;;;;;;;;;
12/10/14;266,93;;;;;;;;;;;;;;;;;
13/10/14;278,87;;;;;;;;;;;;;;;;;
14/10/14;281,59;;;;;;;;;;;;;;;;;
15/10/14;281,37;;;;;;;;;;;;;;;;;
16/10/14;286,31;;;;;;;;;;;;;;;;;
17/10/14;283,58;;;;;;;;;;;;;;;;;
18/10/14;264,23;;;;;;;;;;;;;;;;;
19/10/14;238,43;;;;;;;;;;;;;;;;;
20/10/14;239,35;;;;;;;;;;;;;;;;;
21/10/14;260,18;;;;;;;;;;;;;;;;;
22/10/14;257,49;;;;;;;;;;;;;;;;;
23/10/14;261,15;;;;;;;;;;;;;;;;;
24/10/14;235,6;;;;;;;;;;;;;;;;;
25/10/14;216,97;;;;;;;;;;;;;;;;;
26/10/14;177,09;;;;;;;;;;;;;;;;;
27/10/14;189,42;;;;;;;;;;;;;;;;;
28/10/14;179,39;;;;;;;;;;;;;;;;;
29/10/14;210,41;;;;;;;;;;;;;;;;;
30/10/14;243,72;;;;;;;;;;;;;;;;;
31/10/14;249,11;;;;;;;;;;;;;;;;;
01/11/14;196,2;;;;;;;;;;;;;;;;;
02/11/14;157,84;;;;;;;;;;;;;;;;;
03/11/14;186,51;;;;;;;;;;;;;;;;;
04/11/14;221,13;;;;;;;;;;;;;;;;;
05/11/14;256,27;;;;;;;;;;;;;;;;;
06/11/14;266,67;;;;;;;;;;;;;;;;;
07/11/14;261,28;;;;;;;;;;;;;;;;;
08/11/14;232,69;;;;;;;;;;;;;;;;;
09/11/14;217,94;;;;;;;;;;;;;;;;;
10/11/14;249,31;;;;;;;;;;;;;;;;;
11/11/14;253,87;;;;;;;;;;;;;;;;;
12/11/14;254,19;;;;;;;;;;;;;;;;;
13/11/14;262,74;;;;;;;;;;;;;;;;;
14/11/14;259,37;;;;;;;;;;;;;;;;;
15/11/14;244,03;;;;;;;;;;;;;;;;;
16/11/14;237,22;;;;;;;;;;;;;;;;;
17/11/14;261,61;;;;;;;;;;;;;;;;;
18/11/14;269,12;;;;;;;;;;;;;;;;;
19/11/14;280,95;;;;;;;;;;;;;;;;;
20/11/14;289,1;;;;;;;;;;;;;;;;;
21/11/14;291,91;;;;;;;;;;;;;;;;;
22/11/14;270,25;;;;;;;;;;;;;;;;;
23/11/14;254,67;;;;;;;;;;;;;;;;;
24/11/14;257,77;;;;;;;;;;;;;;;;;
25/11/14;279,79;;;;;;;;;;;;;;;;;
26/11/14;285,77;;;;;;;;;;;;;;;;;
27/11/14;279,45;;;;;;;;;;;;;;;;;
28/11/14;277,47;;;;;;;;;;;;;;;;;
29/11/14;275,99;;;;;;;;;;;;;;;;;
30/11/14;279,02;;;;;;;;;;;;;;;;;
01/12/14;288,41;;;;;;;;;;;;;;;;;
02/12/14;294,39;;;;;;;;;;;;;;;;;
03/12/14;298,43;;;;;;;;;;;;;;;;;
04/12/14;306,42;;;;;;;;;;;;;;;;;
05/12/14;289,25;;;;;;;;;;;;;;;;;
06/12/14;282,77;;;;;;;;;;;;;;;;;
07/12/14;266,33;;;;;;;;;;;;;;;;;
08/12/14;283,58;;;;;;;;;;;;;;;;;
09/12/14;292,92;;;;;;;;;;;;;;;;;
10/12/14;267,64;;;;;;;;;;;;;;;;;
11/12/14;271,23;;;;;;;;;;;;;;;;;
12/12/14;278,43;;;;;;;;;;;;;;;;;
13/12/14;280,19;;;;;;;;;;;;;;;;;
14/12/14;279,71;;;;;;;;;;;;;;;;;
15/12/14;280,09;;;;;;;;;;;;;;;;;
16/12/14;287,49;;;;;;;;;;;;;;;;;
17/12/14;307,66;;;;;;;;;;;;;;;;;
18/12/14;293,19;;;;;;;;;;;;;;;;;
19/12/14;275,19;;;;;;;;;;;;;;;;;
20/12/14;262,74;;;;;;;;;;;;;;;;;
21/12/14;265,01;;;;;;;;;;;;;;;;;
22/12/14;263,28;;;;;;;;;;;;;;;;;
23/12/14;269,44;;;;;;;;;;;;;;;;;
24/12/14;266,19;;;;;;;;;;;;;;;;;
25/12/14;272,63;;;;;;;;;;;;;;;;;
26/12/14;283,17;;;;;;;;;;;;;;;;;
27/12/14;286,83;;;;;;;;;;;;;;;;;
28/12/14;300,17;;;;;;;;;;;;;;;;;
29/12/14;390,96;;;;;;;;;;;;;;;;;
30/12/14;286,59;;;;;;;;;;;;;;;;;
31/12/14;262;;;;;;;;;;;;;;;;;
01/01/15;244,22;;;;;;;;;;;;;;;;;
02/01/15;239,51;;;;;;;;;;;;;;;;;
03/01/15;242,71;;;;;;;;;;;;;;;;;
04/01/15;257,57;;;;;;;;;;;;;;;;;
05/01/15;334,79;;;;;;;;;;;;;;;;;
06/01/15;271,2;;;;;;;;;;;;;;;;;
07/01/15;281,61;;;;;;;;;;;;;;;;;
08/01/15;259,39;;;;;;;;;;;;;;;;;
09/01/15;250,8;;;;;;;;;;;;;;;;;
10/01/15;239,77;;;;;;;;;;;;;;;;;
11/01/15;234,59;;;;;;;;;;;;;;;;;
12/01/15;266,21;;;;;;;;;;;;;;;;;
13/01/15;270,87;;;;;;;;;;;;;;;;;
14/01/15;270,52;;;;;;;;;;;;;;;;;
15/01/15;254,81;;;;;;;;;;;;;;;;;
16/01/15;252,84;;;;;;;;;;;;;;;;;
17/01/15;247,56;;;;;;;;;;;;;;;;;
18/01/15;246,39;;;;;;;;;;;;;;;;;
19/01/15;300,8;;;;;;;;;;;;;;;;;
20/01/15;313,33;;;;;;;;;;;;;;;;;
21/01/15;341,91;;;;;;;;;;;;;;;;;
22/01/15;350,51;;;;;;;;;;;;;;;;;
23/01/15;351,68;;;;;;;;;;;;;;;;;
24/01/15;248,52;;;;;;;;;;;;;;;;;
25/01/15;250,33;;;;;;;;;;;;;;;;;
26/01/15;254,29;;;;;;;;;;;;;;;;;
27/01/15;259,39;;;;;;;;;;;;;;;;;
28/01/15;244,62;;;;;;;;;;;;;;;;;
29/01/15;243,58;;;;;;;;;;;;;;;;;
30/01/15;268,41;;;;;;;;;;;;;;;;;
31/01/15;248,07;;;;;;;;;;;;;;;;;
01/02/15;243,21;;;;;;;;;;;;;;;;;
02/02/15;287,91;;;;;;;;;;;;;;;;;
03/02/15;325,83;;;;;;;;;;;;;;;;;
04/02/15;373,52;;;;;;;;;;;;;;;;;
05/02/15;314,72;;;;;;;;;;;;;;;;;
06/02/15;267,32;;;;;;;;;;;;;;;;;
07/02/15;229,62;;;;;;;;;;;;;;;;;
08/02/15;231,09;;;;;;;;;;;;;;;;;
09/02/15;245,39;;;;;;;;;;;;;;;;;
10/02/15;246,49;;;;;;;;;;;;;;;;;
11/02/15;276,54;;;;;;;;;;;;;;;;;
12/02/15;282,81;;;;;;;;;;;;;;;;;
13/02/15;273,95;;;;;;;;;;;;;;;;;
14/02/15;238,39;;;;;;;;;;;;;;;;;
15/02/15;228,83;;;;;;;;;;;;;;;;;
16/02/15;241,42;;;;;;;;;;;;;;;;;
17/02/15;252,49;;;;;;;;;;;;;;;;;
18/02/15;234,78;;;;;;;;;;;;;;;;;
19/02/15;223,69;;;;;;;;;;;;;;;;;
20/02/15;223,12;;;;;;;;;;;;;;;;;
21/02/15;223,42;;;;;;;;;;;;;;;;;
22/02/15;219,88;;;;;;;;;;;;;;;;;
23/02/15;220,41;;;;;;;;;;;;;;;;;
24/02/15;224,34;;;;;;;;;;;;;;;;;
25/02/15;229,9;;;;;;;;;;;;;;;;;
26/02/15;226,9;;;;;;;;;;;;;;;;;
27/02/15;220,5;;;;;;;;;;;;;;;;;
28/02/15;217,38;;;;;;;;;;;;;;;;;
01/03/15;196,28;;;;;;;;;;;;;;;;;
02/03/15;217,75;;;;;;;;;;;;;;;;;
03/03/15;221,69;;;;;;;;;;;;;;;;;
04/03/15;229,22;;;;;;;;;;;;;;;;;
05/03/15;247,32;;;;;;;;;;;;;;;;;
06/03/15;225,95;;;;;;;;;;;;;;;;;
07/03/15;193,14;;;;;;;;;;;;;;;;;
08/03/15;182,84;;;;;;;;;;;;;;;;;
09/03/15;217,44;;;;;;;;;;;;;;;;;
10/03/15;210,95;;;;;;;;;;;;;;;;;
11/03/15;225,43;;;;;;;;;;;;;;;;;
12/03/15;237,03;;;;;;;;;;;;;;;;;
13/03/15;221,88;;;;;;;;;;;;;;;;;
14/03/15;209,78;;;;;;;;;;;;;;;;;
15/03/15;208,63;;;;;;;;;;;;;;;;;
16/03/15;213,15;;;;;;;;;;;;;;;;;
17/03/15;218,44;;;;;;;;;;;;;;;;;
18/03/15;234,83;;;;;;;;;;;;;;;;;
19/03/15;234,03;;;;;;;;;;;;;;;;;
20/03/15;227,94;;;;;;;;;;;;;;;;;
21/03/15;210,61;;;;;;;;;;;;;;;;;
22/03/15;211,46;;;;;;;;;;;;;;;;;
23/03/15;217,52;;;;;;;;;;;;;;;;;
24/03/15;245,08;;;;;;;;;;;;;;;;;
25/03/15;236,56;;;;;;;;;;;;;;;;;
26/03/15;222,73;;;;;;;;;;;;;;;;;
27/03/15;228,95;;;;;;;;;;;;;;;;;
28/03/15;211,48;;;;;;;;;;;;;;;;;
29/03/15;201,57;;;;;;;;;;;;;;;;;
30/03/15;213,14;;;;;;;;;;;;;;;;;
31/03/15;215,97;;;;;;;;;;;;;;;;;
01/04/15;218,43;;;;;;;;;;;;;;;;;
02/04/15;218,93;;;;;;;;;;;;;;;;;
03/04/15;214,88;;;;;;;;;;;;;;;;;
04/04/15;222,14;;;;;;;;;;;;;;;;;
05/04/15;219,19;;;;;;;;;;;;;;;;;
06/04/15;220,63;;;;;;;;;;;;;;;;;
07/04/15;226,5;;;;;;;;;;;;;;;;;
08/04/15;225,11;;;;;;;;;;;;;;;;;
09/04/15;232,26;;;;;;;;;;;;;;;;;
10/04/15;229,03;;;;;;;;;;;;;;;;;
11/04/15;212,81;;;;;;;;;;;;;;;;;
12/04/15;187,94;;;;;;;;;;;;;;;;;
13/04/15;206,45;;;;;;;;;;;;;;;;;
14/04/15;226,18;;;;;;;;;;;;;;;;;
15/04/15;218,54;;;;;;;;;;;;;;;;;
16/04/15;214,37;;;;;;;;;;;;;;;;;
17/04/15;217,41;;;;;;;;;;;;;;;;;
18/04/15;202,96;;;;;;;;;;;;;;;;;
19/04/15;199,43;;;;;;;;;;;;;;;;;
20/04/15;218,4;;;;;;;;;;;;;;;;;
21/04/15;210,46;;;;;;;;;;;;;;;;;
22/04/15;207,31;;;;;;;;;;;;;;;;;
23/04/15;187,93;;;;;;;;;;;;;;;;;
24/04/15;212,55;;;;;;;;;;;;;;;;;
25/04/15;196,52;;;;;;;;;;;;;;;;;
26/04/15;190,82;;;;;;;;;;;;;;;;;
27/04/15;250,73;;;;;;;;;;;;;;;;;
28/04/15;247,28;;;;;;;;;;;;;;;;;
29/04/15;222,34;;;;;;;;;;;;;;;;;
30/04/15;229,2;;;;;;;;;;;;;;;;;
01/05/15;208,83;;;;;;;;;;;;;;;;;
02/05/15;205,14;;;;;;;;;;;;;;;;;
03/05/15;203,19;;;;;;;;;;;;;;;;;
04/05/15;231,7;;;;;;;;;;;;;;;;;
05/05/15;217,8;;;;;;;;;;;;;;;;;
06/05/15;206,35;;;;;;;;;;;;;;;;;
07/05/15;197,54;;;;;;;;;;;;;;;;;
08/05/15;204,64;;;;;;;;;;;;;;;;;
09/05/15;168,55;;;;;;;;;;;;;;;;;
10/05/15;157,82;;;;;;;;;;;;;;;;;
11/05/15;194,06;;;;;;;;;;;;;;;;;
12/05/15;196,25;;;;;;;;;;;;;;;;;
13/05/15;173,4;;;;;;;;;;;;;;;;;
14/05/15;158,01;;;;;;;;;;;;;;;;;
15/05/15;184,19;;;;;;;;;;;;;;;;;
16/05/15;167,33;;;;;;;;;;;;;;;;;
17/05/15;118,42;;;;;;;;;;;;;;;;;
18/05/15;220,19;;;;;;;;;;;;;;;;;
19/05/15;210,05;;;;;;;;;;;;;;;;;
20/05/15;234,89;;;;;;;;;;;;;;;;;
21/05/15;243,85;;;;;;;;;;;;;;;;;
22/05/15;194,29;;;;;;;;;;;;;;;;;
23/05/15;153,34;;;;;;;;;;;;;;;;;
24/05/15;165,87;;;;;;;;;;;;;;;;;
25/05/15;186,77;;;;;;;;;;;;;;;;;
26/05/15;205,08;;;;;;;;;;;;;;;;;
27/05/15;190,04;;;;;;;;;;;;;;;;;
28/05/15;192,79;;;;;;;;;;;;;;;;;
29/05/15;180,06;;;;;;;;;;;;;;;;;
30/05/15;142,86;;;;;;;;;;;;;;;;;
31/05/15;115,73;;;;;;;;;;;;;;;;;
01/06/15;166,77;;;;;;;;;;;;;;;;;
02/06/15;141,83;;;;;;;;;;;;;;;;;
03/06/15;137,1;;;;;;;;;;;;;;;;;
04/06/15;163,73;;;;;;;;;;;;;;;;;
05/06/15;150,65;;;;;;;;;;;;;;;;;
06/06/15;89,19;;;;;;;;;;;;;;;;;
07/06/15;74,05;;;;;;;;;;;;;;;;;
08/06/15;156;;;;;;;;;;;;;;;;;
09/06/15;164,19;;;;;;;;;;;;;;;;;
10/06/15;152,42;;;;;;;;;;;;;;;;;
11/06/15;143,51;;;;;;;;;;;;;;;;;
12/06/15;132,57;;;;;;;;;;;;;;;;;
13/06/15;86,68;;;;;;;;;;;;;;;;;
14/06/15;70,08;;;;;;;;;;;;;;;;;
15/06/15;111,08;;;;;;;;;;;;;;;;;
16/06/15;126,18;;;;;;;;;;;;;;;;;
17/06/15;125,96;;;;;;;;;;;;;;;;;
18/06/15;96,97;;;;;;;;;;;;;;;;;
19/06/15;92,86;;;;;;;;;;;;;;;;;
20/06/15;82,03;;;;;;;;;;;;;;;;;
21/06/15;100,33;;;;;;;;;;;;;;;;;
22/06/15;151,69;;;;;;;;;;;;;;;;;
23/06/15;143,18;;;;;;;;;;;;;;;;;
24/06/15;103,58;;;;;;;;;;;;;;;;;
25/06/15;115,47;;;;;;;;;;;;;;;;;
26/06/15;151;;;;;;;;;;;;;;;;;
27/06/15;133,8;;;;;;;;;;;;;;;;;
28/06/15;131,91;;;;;;;;;;;;;;;;;
29/06/15;149,61;;;;;;;;;;;;;;;;;
30/06/15;145,5;;;;;;;;;;;;;;;;;
01/07/15;140,12;;;;;;;;;;;;;;;;;
02/07/15;102,75;;;;;;;;;;;;;;;;;
03/07/15;97,77;;;;;;;;;;;;;;;;;
04/07/15;87,58;;;;;;;;;;;;;;;;;
05/07/15;100,22;;;;;;;;;;;;;;;;;
06/07/15;98,04;;;;;;;;;;;;;;;;;
07/07/15;96,33;;;;;;;;;;;;;;;;;
08/07/15;79,42;;;;;;;;;;;;;;;;;
09/07/15;56,56;;;;;;;;;;;;;;;;;
10/07/15;57,19;;;;;;;;;;;;;;;;;
11/07/15;80,89;;;;;;;;;;;;;;;;;
12/07/15;75,56;;;;;;;;;;;;;;;;;
13/07/15;103,19;;;;;;;;;;;;;;;;;
14/07/15;107,92;;;;;;;;;;;;;;;;;
15/07/15;92,21;;;;;;;;;;;;;;;;;
16/07/15;110,45;;;;;;;;;;;;;;;;;
17/07/15;91,64;;;;;;;;;;;;;;;;;
18/07/15;61,63;;;;;;;;;;;;;;;;;
19/07/15;81,66;;;;;;;;;;;;;;;;;
20/07/15;93,64;;;;;;;;;;;;;;;;;
21/07/15;82,88;;;;;;;;;;;;;;;;;
22/07/15;92,21;;;;;;;;;;;;;;;;;
23/07/15;86,54;;;;;;;;;;;;;;;;;
24/07/15;92,11;;;;;;;;;;;;;;;;;
25/07/15;63,57;;;;;;;;;;;;;;;;;
26/07/15;35,02;;;;;;;;;;;;;;;;;
27/07/15;87,06;;;;;;;;;;;;;;;;;
28/07/15;89,37;;;;;;;;;;;;;;;;;
29/07/15;71,86;;;;;;;;;;;;;;;;;
30/07/15;67,28;;;;;;;;;;;;;;;;;
31/07/15;57,47;;;;;;;;;;;;;;;;;
01/08/15;60,32;;;;;;;;;;;;;;;;;
02/08/15;67,74;;;;;;;;;;;;;;;;;
03/08/15;83,35;;;;;;;;;;;;;;;;;
04/08/15;77,19;;;;;;;;;;;;;;;;;
05/08/15;81,33;;;;;;;;;;;;;;;;;
06/08/15;77,88;;;;;;;;;;;;;;;;;
07/08/15;74,91;;;;;;;;;;;;;;;;;
08/08/15;57,32;;;;;;;;;;;;;;;;;
09/08/15;71,05;;;;;;;;;;;;;;;;;
10/08/15;105,67;;;;;;;;;;;;;;;;;
11/08/15;94,4;;;;;;;;;;;;;;;;;
12/08/15;105,68;;;;;;;;;;;;;;;;;
13/08/15;115,32;;;;;;;;;;;;;;;;;
14/08/15;98,2;;;;;;;;;;;;;;;;;
15/08/15;100,21;;;;;;;;;;;;;;;;;
16/08/15;101,92;;;;;;;;;;;;;;;;;
17/08/15;108,7;;;;;;;;;;;;;;;;;
18/08/15;118,01;;;;;;;;;;;;;;;;;
19/08/15;162,1;;;;;;;;;;;;;;;;;
20/08/15;196,18;;;;;;;;;;;;;;;;;
21/08/15;184,35;;;;;;;;;;;;;;;;;
22/08/15;161,63;;;;;;;;;;;;;;;;;
23/08/15;150,84;;;;;;;;;;;;;;;;;
24/08/15;187,1;;;;;;;;;;;;;;;;;
25/08/15;170,86;;;;;;;;;;;;;;;;;
26/08/15;172,14;;;;;;;;;;;;;;;;;
27/08/15;152,39;;;;;;;;;;;;;;;;;
28/08/15;151,34;;;;;;;;;;;;;;;;;
29/08/15;129,96;;;;;;;;;;;;;;;;;
30/08/15;141,94;;;;;;;;;;;;;;;;;
31/08/15;167,84;;;;;;;;;;;;;;;;;
01/09/15;153,54;;;;;;;;;;;;;;;;;
02/09/15;150,62;;;;;;;;;;;;;;;;;
03/09/15;165,62;;;;;;;;;;;;;;;;;
04/09/15;179,12;;;;;;;;;;;;;;;;;
05/09/15;139,94;;;;;;;;;;;;;;;;;
06/09/15;102,02;;;;;;;;;;;;;;;;;
07/09/15;190,39;;;;;;;;;;;;;;;;;
08/09/15;199,21;;;;;;;;;;;;;;;;;
09/09/15;199,21;;;;;;;;;;;;;;;;;
10/09/15;200,97;;;;;;;;;;;;;;;;;
11/09/15;184,49;;;;;;;;;;;;;;;;;
12/09/15;151,8;;;;;;;;;;;;;;;;;
13/09/15;157,52;;;;;;;;;;;;;;;;;
14/09/15;177,79;;;;;;;;;;;;;;;;;
15/09/15;172,11;;;;;;;;;;;;;;;;;
16/09/15;188,15;;;;;;;;;;;;;;;;;
17/09/15;173,18;;;;;;;;;;;;;;;;;
18/09/15;135,08;;;;;;;;;;;;;;;;;
19/09/15;122,08;;;;;;;;;;;;;;;;;
20/09/15;137,32;;;;;;;;;;;;;;;;;
21/09/15;192,44;;;;;;;;;;;;;;;;;
22/09/15;171;;;;;;;;;;;;;;;;;
23/09/15;174,5;;;;;;;;;;;;;;;;;
24/09/15;153,98;;;;;;;;;;;;;;;;;
25/09/15;144,74;;;;;;;;;;;;;;;;;
26/09/15;138,77;;;;;;;;;;;;;;;;;
27/09/15;140,47;;;;;;;;;;;;;;;;;
28/09/15;169,48;;;;;;;;;;;;;;;;;
29/09/15;158,5;;;;;;;;;;;;;;;;;
30/09/15;144,48;;;;;;;;;;;;;;;;;
01/10/15;128,59;;;;;;;;;;;;;;;;;
02/10/15;111,02;;;;;;;;;;;;;;;;;
03/10/15;120,28;;;;;;;;;;;;;;;;;
04/10/15;127,75;;;;;;;;;;;;;;;;;
05/10/15;151,8;;;;;;;;;;;;;;;;;
06/10/15;130;;;;;;;;;;;;;;;;;
07/10/15;146,58;;;;;;;;;;;;;;;;;
08/10/15;182,92;;;;;;;;;;;;;;;;;
09/10/15;200,9;;;;;;;;;;;;;;;;;
10/10/15;190,36;;;;;;;;;;;;;;;;;
11/10/15;185,73;;;;;;;;;;;;;;;;;
12/10/15;212,05;;;;;;;;;;;;;;;;;
13/10/15;210,37;;;;;;;;;;;;;;;;;
14/10/15;215,02;;;;;;;;;;;;;;;;;
15/10/15;218,19;;;;;;;;;;;;;;;;;
16/10/15;220,7;;;;;;;;;;;;;;;;;
17/10/15;214,35;;;;;;;;;;;;;;;;;
18/10/15;218,99;;;;;;;;;;;;;;;;;
19/10/15;281,65;;;;;;;;;;;;;;;;;
20/10/15;279,93;;;;;;;;;;;;;;;;;
21/10/15;232,49;;;;;;;;;;;;;;;;;
22/10/15;220,77;;;;;;;;;;;;;;;;;
23/10/15;221,61;;;;;;;;;;;;;;;;;
24/10/15;220,55;;;;;;;;;;;;;;;;;
25/10/15;213,2;;;;;;;;;;;;;;;;;
26/10/15;246,12;;;;;;;;;;;;;;;;;
27/10/15;247,31;;;;;;;;;;;;;;;;;
28/10/15;247,8;;;;;;;;;;;;;;;;;
29/10/15;277,24;;;;;;;;;;;;;;;;;
30/10/15;256,44;;;;;;;;;;;;;;;;;
31/10/15;233,88;;;;;;;;;;;;;;;;;
01/11/15;229,01;;;;;;;;;;;;;;;;;
02/11/15;237,36;;;;;;;;;;;;;;;;;
03/11/15;241,4;;;;;;;;;;;;;;;;;
04/11/15;241,26;;;;;;;;;;;;;;;;;
05/11/15;243,06;;;;;;;;;;;;;;;;;
06/11/15;239,85;;;;;;;;;;;;;;;;;
07/11/15;214,66;;;;;;;;;;;;;;;;;
08/11/15;209,09;;;;;;;;;;;;;;;;;
09/11/15;213,49;;;;;;;;;;;;;;;;;
10/11/15;211,13;;;;;;;;;;;;;;;;;
11/11/15;225,81;;;;;;;;;;;;;;;;;
12/11/15;224,23;;;;;;;;;;;;;;;;;
13/11/15;216,82;;;;;;;;;;;;;;;;;
14/11/15;193,33;;;;;;;;;;;;;;;;;
15/11/15;211,88;;;;;;;;;;;;;;;;;
16/11/15;223,74;;;;;;;;;;;;;;;;;
17/11/15;230,52;;;;;;;;;;;;;;;;;
18/11/15;224,78;;;;;;;;;;;;;;;;;
19/11/15;228,54;;;;;;;;;;;;;;;;;
20/11/15;254,07;;;;;;;;;;;;;;;;;
21/11/15;229,23;;;;;;;;;;;;;;;;;
22/11/15;224,95;;;;;;;;;;;;;;;;;
23/11/15;379,93;;;;;;;;;;;;;;;;;
24/11/15;237,14;;;;;;;;;;;;;;;;;
25/11/15;285,61;;;;;;;;;;;;;;;;;
26/11/15;259,06;;;;;;;;;;;;;;;;;
27/11/15;208,22;;;;;;;;;;;;;;;;;
28/11/15;190,48;;;;;;;;;;;;;;;;;
29/11/15;180,35;;;;;;;;;;;;;;;;;
30/11/15;209,25;;;;;;;;;;;;;;;;;
01/12/15;219,42;;;;;;;;;;;;;;;;;
02/12/15;232,96;;;;;;;;;;;;;;;;;
03/12/15;224,38;;;;;;;;;;;;;;;;;
04/12/15;189,66;;;;;;;;;;;;;;;;;
05/12/15;148,7;;;;;;;;;;;;;;;;;
06/12/15;118,77;;;;;;;;;;;;;;;;;
07/12/15;196,5;;;;;;;;;;;;;;;;;
08/12/15;204,42;;;;;;;;;;;;;;;;;
09/12/15;186,08;;;;;;;;;;;;;;;;;
10/12/15;177,34;;;;;;;;;;;;;;;;;
11/12/15;189,89;;;;;;;;;;;;;;;;;
12/12/15;189,16;;;;;;;;;;;;;;;;;
13/12/15;208,98;;;;;;;;;;;;;;;;;
14/12/15;323,62;;;;;;;;;;;;;;;;;
15/12/15;265,99;;;;;;;;;;;;;;;;;
16/12/15;286,58;;;;;;;;;;;;;;;;;
17/12/15;255,76;;;;;;;;;;;;;;;;;
18/12/15;175,04;;;;;;;;;;;;;;;;;
19/12/15;147,88;;;;;;;;;;;;;;;;;
20/12/15;122,21;;;;;;;;;;;;;;;;;
21/12/15;128,34;;;;;;;;;;;;;;;;;
22/12/15;123,64;;;;;;;;;;;;;;;;;
23/12/15;113,5;;;;;;;;;;;;;;;;;
24/12/15;99,96;;;;;;;;;;;;;;;;;
25/12/15;83,23;;;;;;;;;;;;;;;;;
26/12/15;114,01;;;;;;;;;;;;;;;;;
27/12/15;131,72;;;;;;;;;;;;;;;;;
28/12/15;201,82;;;;;;;;;;;;;;;;;
29/12/15;156,86;;;;;;;;;;;;;;;;;
30/12/15;152,42;;;;;;;;;;;;;;;;;
31/12/15;147,86;;;;;;;;;;;;;;;;;
01/01/16;159,33;;;;;;;;;;;;;;;;;
02/01/16;151,48;;;;;;;;;;;;;;;;;
03/01/16;162,14;;;;;;;;;;;;;;;;;
04/01/16;185,37;;;;;;;;;;;;;;;;;
05/01/16;220,47;;;;;;;;;;;;;;;;;
06/01/16;289,51;;;;;;;;;;;;;;;;;
07/01/16;375,3;;;;;;;;;;;;;;;;;
08/01/16;318,07;;;;;;;;;;;;;;;;;
09/01/16;257,77;;;;;;;;;;;;;;;;;
10/01/16;214,07;;;;;;;;;;;;;;;;;
11/01/16;323,29;;;;;;;;;;;;;;;;;
12/01/16;303,51;;;;;;;;;;;;;;;;;
13/01/16;324,68;;;;;;;;;;;;;;;;;
14/01/16;413,06;;;;;;;;;;;;;;;;;
15/01/16;404,22;;;;;;;;;;;;;;;;;
16/01/16;258,61;;;;;;;;;;;;;;;;;
17/01/16;246,34;;;;;;;;;;;;;;;;;
18/01/16;476,85;;;;;;;;;;;;;;;;;
19/01/16;534,19;;;;;;;;;;;;;;;;;
20/01/16;483,44;;;;;;;;;;;;;;;;;
21/01/16;784,83;;;;;;;;;;;;;;;;;
22/01/16;363,91;;;;;;;;;;;;;;;;;
23/01/16;232,55;;;;;;;;;;;;;;;;;
24/01/16;213,82;;;;;;;;;;;;;;;;;
25/01/16;250,45;;;;;;;;;;;;;;;;;
26/01/16;175,22;;;;;;;;;;;;;;;;;
27/01/16;161,87;;;;;;;;;;;;;;;;;
28/01/16;162,64;;;;;;;;;;;;;;;;;
29/01/16;158,05;;;;;;;;;;;;;;;;;
30/01/16;140,96;;;;;;;;;;;;;;;;;
31/01/16;156,03;;;;;;;;;;;;;;;;;
01/02/16;181,21;;;;;;;;;;;;;;;;;
02/02/16;161,77;;;;;;;;;;;;;;;;;
03/02/16;175;;;;;;;;;;;;;;;;;
04/02/16;177,54;;;;;;;;;;;;;;;;;
05/02/16;218,55;;;;;;;;;;;;;;;;;
06/02/16;155,25;;;;;;;;;;;;;;;;;
07/02/16;142,69;;;;;;;;;;;;;;;;;
08/02/16;147,69;;;;;;;;;;;;;;;;;
09/02/16;164,33;;;;;;;;;;;;;;;;;
10/02/16;192,76;;;;;;;;;;;;;;;;;
11/02/16;197,42;;;;;;;;;;;;;;;;;
12/02/16;211,58;;;;;;;;;;;;;;;;;
13/02/16;182,09;;;;;;;;;;;;;;;;;
14/02/16;168,87;;;;;;;;;;;;;;;;;
15/02/16;220,79;;;;;;;;;;;;;;;;;
16/02/16;258,82;;;;;;;;;;;;;;;;;
17/02/16;180,24;;;;;;;;;;;;;;;;;
18/02/16;232,06;;;;;;;;;;;;;;;;;
19/02/16;202,96;;;;;;;;;;;;;;;;;
20/02/16;159,87;;;;;;;;;;;;;;;;;
21/02/16;154,47;;;;;;;;;;;;;;;;;
22/02/16;177,19;;;;;;;;;;;;;;;;;
23/02/16;188,02;;;;;;;;;;;;;;;;;
24/02/16;193,05;;;;;;;;;;;;;;;;;
25/02/16;247,65;;;;;;;;;;;;;;;;;
26/02/16;227,53;;;;;;;;;;;;;;;;;
27/02/16;186,96;;;;;;;;;;;;;;;;;
28/02/16;181,1;;;;;;;;;;;;;;;;;
29/02/16;237;;;;;;;;;;;;;;;;;
01/03/16;195,19;;;;;;;;;;;;;;;;;
02/03/16;225,35;;;;;;;;;;;;;;;;;
03/03/16;240,63;;;;;;;;;;;;;;;;;
04/03/16;224,18;;;;;;;;;;;;;;;;;
05/03/16;188,83;;;;;;;;;;;;;;;;;
06/03/16;184,86;;;;;;;;;;;;;;;;;
07/03/16;219,05;;;;;;;;;;;;;;;;;
08/03/16;238,07;;;;;;;;;;;;;;;;;
09/03/16;229,44;;;;;;;;;;;;;;;;;
10/03/16;234,72;;;;;;;;;;;;;;;;;
11/03/16;249,72;;;;;;;;;;;;;;;;;
12/03/16;213,19;;;;;;;;;;;;;;;;;
13/03/16;202,29;;;;;;;;;;;;;;;;;
14/03/16;212,31;;;;;;;;;;;;;;;;;
15/03/16;208,87;;;;;;;;;;;;;;;;;
16/03/16;206,83;;;;;;;;;;;;;;;;;
17/03/16;208,37;;;;;;;;;;;;;;;;;
18/03/16;207,36;;;;;;;;;;;;;;;;;
19/03/16;201,31;;;;;;;;;;;;;;;;;
20/03/16;192,64;;;;;;;;;;;;;;;;;
21/03/16;205,17;;;;;;;;;;;;;;;;;
22/03/16;206,38;;;;;;;;;;;;;;;;;
23/03/16;205;;;;;;;;;;;;;;;;;
24/03/16;201,33;;;;;;;;;;;;;;;;;
25/03/16;194,72;;;;;;;;;;;;;;;;;
26/03/16;184,76;;;;;;;;;;;;;;;;;
27/03/16;159,7;;;;;;;;;;;;;;;;;
28/03/16;159,05;;;;;;;;;;;;;;;;;
29/03/16;188,13;;;;;;;;;;;;;;;;;
30/03/16;206,69;;;;;;;;;;;;;;;;;
31/03/16;211,51;;;;;;;;;;;;;;;;;
01/04/16;215,52;;;;;;;;;;;;;;;;;
02/04/16;193,99;;;;;;;;;;;;;;;;;
03/04/16;187,46;;;;;;;;;;;;;;;;;
04/04/16;219,05;;;;;;;;;;;;;;;;;
05/04/16;215,04;;;;;;;;;;;;;;;;;
06/04/16;199,21;;;;;;;;;;;;;;;;;
07/04/16;191,76;;;;;;;;;;;;;;;;;
08/04/16;203,86;;;;;;;;;;;;;;;;;
09/04/16;200,13;;;;;;;;;;;;;;;;;
10/04/16;191,83;;;;;;;;;;;;;;;;;
11/04/16;215,11;;;;;;;;;;;;;;;;;
12/04/16;208,4;;;;;;;;;;;;;;;;;
13/04/16;226,51;;;;;;;;;;;;;;;;;
14/04/16;222,59;;;;;;;;;;;;;;;;;
15/04/16;209,2;;;;;;;;;;;;;;;;;
16/04/16;192,22;;;;;;;;;;;;;;;;;
17/04/16;177,96;;;;;;;;;;;;;;;;;
18/04/16;198,68;;;;;;;;;;;;;;;;;
19/04/16;191,87;;;;;;;;;;;;;;;;;
20/04/16;200,81;;;;;;;;;;;;;;;;;
21/04/16;201,41;;;;;;;;;;;;;;;;;
22/04/16;199,92;;;;;;;;;;;;;;;;;
23/04/16;200,48;;;;;;;;;;;;;;;;;
24/04/16;198,63;;;;;;;;;;;;;;;;;
25/04/16;230,9;;;;;;;;;;;;;;;;;
26/04/16;229,59;;;;;;;;;;;;;;;;;
27/04/16;223,8;;;;;;;;;;;;;;;;;
28/04/16;233,66;;;;;;;;;;;;;;;;;
29/04/16;208,76;;;;;;;;;;;;;;;;;
30/04/16;206,78;;;;;;;;;;;;;;;;;
01/05/16;200,27;;;;;;;;;;;;;;;;;
02/05/16;223,47;;;;;;;;;;;;;;;;;
03/05/16;223,04;;;;;;;;;;;;;;;;;
04/05/16;232,9;;;;;;;;;;;;;;;;;
05/05/16;199,44;;;;;;;;;;;;;;;;;
06/05/16;204,43;;;;;;;;;;;;;;;;;
07/05/16;173,75;;;;;;;;;;;;;;;;;
08/05/16;151,87;;;;;;;;;;;;;;;;;
09/05/16;198,23;;;;;;;;;;;;;;;;;
10/05/16;221,89;;;;;;;;;;;;;;;;;
11/05/16;226,64;;;;;;;;;;;;;;;;;
12/05/16;218,1;;;;;;;;;;;;;;;;;
13/05/16;231,76;;;;;;;;;;;;;;;;;
14/05/16;188,31;;;;;;;;;;;;;;;;;
15/05/16;185,75;;;;;;;;;;;;;;;;;
16/05/16;207,79;;;;;;;;;;;;;;;;;
17/05/16;229,22;;;;;;;;;;;;;;;;;
18/05/16;254,56;;;;;;;;;;;;;;;;;
19/05/16;272,32;;;;;;;;;;;;;;;;;
20/05/16;234,98;;;;;;;;;;;;;;;;;
21/05/16;214,99;;;;;;;;;;;;;;;;;
22/05/16;206,81;;;;;;;;;;;;;;;;;
23/05/16;226,87;;;;;;;;;;;;;;;;;
24/05/16;224,18;;;;;;;;;;;;;;;;;
25/05/16;225,72;;;;;;;;;;;;;;;;;
26/05/16;233,7;;;;;;;;;;;;;;;;;
27/05/16;240,2;;;;;;;;;;;;;;;;;
28/05/16;214,01;;;;;;;;;;;;;;;;;
29/05/16;193,67;;;;;;;;;;;;;;;;;
30/05/16;209,65;;;;;;;;;;;;;;;;;
31/05/16;226,14;;;;;;;;;;;;;;;;;
01/06/16;238,5;;;;;;;;;;;;;;;;;
02/06/16;229,18;;;;;;;;;;;;;;;;;
03/06/16;229,05;;;;;;;;;;;;;;;;;
04/06/16;211,87;;;;;;;;;;;;;;;;;
05/06/16;207,13;;;;;;;;;;;;;;;;;
06/06/16;250,04;;;;;;;;;;;;;;;;;
07/06/16;255;;;;;;;;;;;;;;;;;
08/06/16;245,19;;;;;;;;;;;;;;;;;
09/06/16;249,08;;;;;;;;;;;;;;;;;
10/06/16;245,3;;;;;;;;;;;;;;;;;
11/06/16;238,45;;;;;;;;;;;;;;;;;
12/06/16;234,84;;;;;;;;;;;;;;;;;
13/06/16;258,89;;;;;;;;;;;;;;;;;
14/06/16;257,88;;;;;;;;;;;;;;;;;
15/06/16;268,12;;;;;;;;;;;;;;;;;
16/06/16;267,82;;;;;;;;;;;;;;;;;
17/06/16;260,2;;;;;;;;;;;;;;;;;
18/06/16;233,3;;;;;;;;;;;;;;;;;
19/06/16;222,23;;;;;;;;;;;;;;;;;
20/06/16;259,02;;;;;;;;;;;;;;;;;
21/06/16;260,71;;;;;;;;;;;;;;;;;
22/06/16;263,77;;;;;;;;;;;;;;;;;
23/06/16;261,29;;;;;;;;;;;;;;;;;
24/06/16;251,51;;;;;;;;;;;;;;;;;
25/06/16;240,47;;;;;;;;;;;;;;;;;
26/06/16;223,68;;;;;;;;;;;;;;;;;
27/06/16;267,5;;;;;;;;;;;;;;;;;
28/06/16;278,27;;;;;;;;;;;;;;;;;
29/06/16;270,38;;;;;;;;;;;;;;;;;
30/06/16;253,67;;;;;;;;;;;;;;;;;
01/07/16;236,22;;;;;;;;;;;;;;;;;
02/07/16;200,32;;;;;;;;;;;;;;;;;
03/07/16;196,34;;;;;;;;;;;;;;;;;
04/07/16;240,7;;;;;;;;;;;;;;;;;
05/07/16;230,75;;;;;;;;;;;;;;;;;
06/07/16;205,78;;;;;;;;;;;;;;;;;
07/07/16;234,54;;;;;;;;;;;;;;;;;
08/07/16;240,28;;;;;;;;;;;;;;;;;
09/07/16;221,68;;;;;;;;;;;;;;;;;
10/07/16;222,33;;;;;;;;;;;;;;;;;
11/07/16;233,8;;;;;;;;;;;;;;;;;
12/07/16;240,23;;;;;;;;;;;;;;;;;
13/07/16;245,21;;;;;;;;;;;;;;;;;
14/07/16;237,33;;;;;;;;;;;;;;;;;
15/07/16;231,29;;;;;;;;;;;;;;;;;
16/07/16;228,53;;;;;;;;;;;;;;;;;
17/07/16;221,12;;;;;;;;;;;;;;;;;
18/07/16;247,64;;;;;;;;;;;;;;;;;
19/07/16;260,32;;;;;;;;;;;;;;;;;
20/07/16;252,71;;;;;;;;;;;;;;;;;
21/07/16;257,99;;;;;;;;;;;;;;;;;
22/07/16;253,87;;;;;;;;;;;;;;;;;
23/07/16;244,97;;;;;;;;;;;;;;;;;
24/07/16;240,55;;;;;;;;;;;;;;;;;
25/07/16;261,24;;;;;;;;;;;;;;;;;
26/07/16;256,34;;;;;;;;;;;;;;;;;
27/07/16;255,69;;;;;;;;;;;;;;;;;
28/07/16;248,5;;;;;;;;;;;;;;;;;
29/07/16;246,41;;;;;;;;;;;;;;;;;
30/07/16;234,13;;;;;;;;;;;;;;;;;
31/07/16;225,95;;;;;;;;;;;;;;;;;
01/08/16;241,49;;;;;;;;;;;;;;;;;
02/08/16;249,08;;;;;;;;;;;;;;;;;
03/08/16;240,36;;;;;;;;;;;;;;;;;
04/08/16;231,71;;;;;;;;;;;;;;;;;
05/08/16;241,54;;;;;;;;;;;;;;;;;
06/08/16;214,31;;;;;;;;;;;;;;;;;
07/08/16;196,1;;;;;;;;;;;;;;;;;
08/08/16;209,87;;;;;;;;;;;;;;;;;
09/08/16;218,6;;;;;;;;;;;;;;;;;
10/08/16;234,28;;;;;;;;;;;;;;;;;
11/08/16;241,91;;;;;;;;;;;;;;;;;
12/08/16;230,28;;;;;;;;;;;;;;;;;
13/08/16;189,65;;;;;;;;;;;;;;;;;
14/08/16;202,12;;;;;;;;;;;;;;;;;
15/08/16;234,58;;;;;;;;;;;;;;;;;
16/08/16;235,48;;;;;;;;;;;;;;;;;
17/08/16;246,09;;;;;;;;;;;;;;;;;
18/08/16;244,08;;;;;;;;;;;;;;;;;
19/08/16;254,29;;;;;;;;;;;;;;;;;
20/08/16;232,76;;;;;;;;;;;;;;;;;
21/08/16;219,87;;;;;;;;;;;;;;;;;
22/08/16;265,25;;;;;;;;;;;;;;;;;
23/08/16;255,89;;;;;;;;;;;;;;;;;
24/08/16;258,34;;;;;;;;;;;;;;;;;
25/08/16;248,79;;;;;;;;;;;;;;;;;
26/08/16;239,6;;;;;;;;;;;;;;;;;
27/08/16;216,36;;;;;;;;;;;;;;;;;
28/08/16;213,82;;;;;;;;;;;;;;;;;
29/08/16;249,15;;;;;;;;;;;;;;;;;
30/08/16;264,07;;;;;;;;;;;;;;;;;
31/08/16;248,24;;;;;;;;;;;;;;;;;
01/09/16;236,78;;;;;;;;;;;;;;;;;
02/09/16;231,63;;;;;;;;;;;;;;;;;
03/09/16;221,52;;;;;;;;;;;;;;;;;
04/09/16;212,17;;;;;;;;;;;;;;;;;
05/09/16;247,45;;;;;;;;;;;;;;;;;
06/09/16;240,29;;;;;;;;;;;;;;;;;
07/09/16;229,03;;;;;;;;;;;;;;;;;
08/09/16;240;;;;;;;;;;;;;;;;;
09/09/16;233,41;;;;;;;;;;;;;;;;;
10/09/16;224,2;;;;;;;;;;;;;;;;;
11/09/16;213,85;;;;;;;;;;;;;;;;;
12/09/16;237,97;;;;;;;;;;;;;;;;;
13/09/16;239,17;;;;;;;;;;;;;;;;;
14/09/16;240,98;;;;;;;;;;;;;;;;;
15/09/16;239,79;;;;;;;;;;;;;;;;;
16/09/16;228,47;;;;;;;;;;;;;;;;;
17/09/16;222,65;;;;;;;;;;;;;;;;;
18/09/16;219,46;;;;;;;;;;;;;;;;;
19/09/16;259,57;;;;;;;;;;;;;;;;;
20/09/16;252,33;;;;;;;;;;;;;;;;;
21/09/16;253,45;;;;;;;;;;;;;;;;;
22/09/16;245,48;;;;;;;;;;;;;;;;;
23/09/16;237,82;;;;;;;;;;;;;;;;;
24/09/16;226,24;;;;;;;;;;;;;;;;;
25/09/16;214,58;;;;;;;;;;;;;;;;;
26/09/16;248,14;;;;;;;;;;;;;;;;;
27/09/16;237,4;;;;;;;;;;;;;;;;;
28/09/16;209,66;;;;;;;;;;;;;;;;;
29/09/16;211,4;;;;;;;;;;;;;;;;;
30/09/16;211,52;;;;;;;;;;;;;;;;;
01/10/16;227,99;;;;;;;;;;;;;;;;;
02/10/16;231,37;;;;;;;;;;;;;;;;;
03/10/16;246,56;;;;;;;;;;;;;;;;;
04/10/16;246,94;;;;;;;;;;;;;;;;;
05/10/16;247,52;;;;;;;;;;;;;;;;;
06/10/16;254,64;;;;;;;;;;;;;;;;;
07/10/16;259,94;;;;;;;;;;;;;;;;;
08/10/16;260,42;;;;;;;;;;;;;;;;;
09/10/16;265,48;;;;;;;;;;;;;;;;;
10/10/16;296,46;;;;;;;;;;;;;;;;;
11/10/16;292,5;;;;;;;;;;;;;;;;;
12/10/16;299,97;;;;;;;;;;;;;;;;;
13/10/16;303,07;;;;;;;;;;;;;;;;;
14/10/16;284,71;;;;;;;;;;;;;;;;;
15/10/16;268,77;;;;;;;;;;;;;;;;;
16/10/16;278,37;;;;;;;;;;;;;;;;;
17/10/16;298,03;;;;;;;;;;;;;;;;;
18/10/16;313,57;;;;;;;;;;;;;;;;;
19/10/16;318,5;;;;;;;;;;;;;;;;;
20/10/16;330,41;;;;;;;;;;;;;;;;;
21/10/16;316,2;;;;;;;;;;;;;;;;;
22/10/16;306,45;;;;;;;;;;;;;;;;;
23/10/16;306,96;;;;;;;;;;;;;;;;;
24/10/16;342,21;;;;;;;;;;;;;;;;;
25/10/16;368,17;;;;;;;;;;;;;;;;;
26/10/16;360,07;;;;;;;;;;;;;;;;;
27/10/16;335,11;;;;;;;;;;;;;;;;;
28/10/16;302,14;;;;;;;;;;;;;;;;;
29/10/16;295,02;;;;;;;;;;;;;;;;;