01/01/11;595,8;;;;;;;;;;;;;;;;;
02/01/11;641,19;;;;;;;;;;;;;;;;;
03/01/11;681,06;;;;;;;;;;;;;;;;;
04/01/11;663,28;;;;;;;;;;;;;;;;;
05/01/11;638,9;;;;;;;;;;;;;;;;;
06/01/11;607,63;;;;;;;;;;;;;;;;;
07/01/11;613,23;;;;;;;;;;;;;;;;;
08/01/11;581,78;;;;;;;;;;;;;;;;;
09/01/11;559,86;;;;;;;;;;;;;;;;;
10/01/11;563,99;;;;;;;;;;;;;;;;;
11/01/11;555,51;;;;;;;;;;;;;;;;;
12/01/11;552,98;;;;;;;;;;;;;;;;;
13/01/11;551,34;;;;;;;;;;;;;;;;;
14/01/11;537,34;;;;;;;;;;;;;;;;;
15/01/11;529,41;;;;;;;;;;;;;;;;;
16/01/11;512,69;;;;;;;;;;;;;;;;;
17/01/11;515,52;;;;;;;;;;;;;;;;;
18/01/11;511,58;;;;;;;;;;;;;;;;;
19/01/11;507,23;;;;;;;;;;;;;;;;;
20/01/11;503,8;;;;;;;;;;;;;;;;;
21/01/11;504,1;;;;;;;;;;;;;;;;;
22/01/11;490,52;;;;;;;;;;;;;;;;;
23/01/11;488,56;;;;;;;;;;;;;;;;;
24/01/11;503,34;;;;;;;;;;;;;;;;;
25/01/11;494,34;;;;;;;;;;;;;;;;;
26/01/11;505,64;;;;;;;;;;;;;;;;;
27/01/11;504,85;;;;;;;;;;;;;;;;;
28/01/11;497,44;;;;;;;;;;;;;;;;;
29/01/11;480,77;;;;;;;;;;;;;;;;;
30/01/11;483,88;;;;;;;;;;;;;;;;;
31/01/11;496,6;;;;;;;;;;;;;;;;;
01/02/11;483,14;;;;;;;;;;;;;;;;;
02/02/11;472,48;;;;;;;;;;;;;;;;;
03/02/11;464,86;;;;;;;;;;;;;;;;;
04/02/11;464,24;;;;;;;;;;;;;;;;;
05/02/11;467,97;;;;;;;;;;;;;;;;;
06/02/11;482,89;;;;;;;;;;;;;;;;;
07/02/11;489,64;;;;;;;;;;;;;;;;;
08/02/11;495,92;;;;;;;;;;;;;;;;;
09/02/11;506,09;;;;;;;;;;;;;;;;;
10/02/11;504,01;;;;;;;;;;;;;;;;;
11/02/11;501,16;;;;;;;;;;;;;;;;;
12/02/11;505,22;;;;;;;;;;;;;;;;;
13/02/11;509,64;;;;;;;;;;;;;;;;;
14/02/11;518,47;;;;;;;;;;;;;;;;;
15/02/11;521,55;;;;;;;;;;;;;;;;;
16/02/11;517,8;;;;;;;;;;;;;;;;;
17/02/11;521,11;;;;;;;;;;;;;;;;;
18/02/11;519,21;;;;;;;;;;;;;;;;;
19/02/11;511,13;;;;;;;;;;;;;;;;;
20/02/11;514,81;;;;;;;;;;;;;;;;;
21/02/11;531,02;;;;;;;;;;;;;;;;;
22/02/11;528,75;;;;;;;;;;;;;;;;;
23/02/11;533,42;;;;;;;;;;;;;;;;;
24/02/11;534,01;;;;;;;;;;;;;;;;;
25/02/11;520,88;;;;;;;;;;;;;;;;;
26/02/11;502,27;;;;;;;;;;;;;;;;;
27/02/11;501,78;;;;;;;;;;;;;;;;;
28/02/11;521,46;;;;;;;;;;;;;;;;;
01/03/11;514,22;;;;;;;;;;;;;;;;;
02/03/11;506,5;;;;;;;;;;;;;;;;;
03/03/11;499,21;;;;;;;;;;;;;;;;;
04/03/11;492,91;;;;;;;;;;;;;;;;;
05/03/11;486,29;;;;;;;;;;;;;;;;;
06/03/11;489,89;;;;;;;;;;;;;;;;;
06/03/12;495,39;;;;;;;;;;;;;;;;;
06/03/13;487,81;;;;;;;;;;;;;;;;;
06/03/14;487,13;;;;;;;;;;;;;;;;;
06/03/15;477,22;;;;;;;;;;;;;;;;;
06/03/16;483,39;;;;;;;;;;;;;;;;;
06/03/17;482,6;;;;;;;;;;;;;;;;;
06/03/18;483,28;;;;;;;;;;;;;;;;;
06/03/19;499,61;;;;;;;;;;;;;;;;;
06/03/20;494,86;;;;;;;;;;;;;;;;;
06/03/21;514,82;;;;;;;;;;;;;;;;;
06/03/22;536,24;;;;;;;;;;;;;;;;;
06/03/23;541,24;;;;;;;;;;;;;;;;;
19/03/11;532,63;;;;;;;;;;;;;;;;;
20/03/11;526,95;;;;;;;;;;;;;;;;;
21/03/11;524,98;;;;;;;;;;;;;;;;;
22/03/11;515,34;;;;;;;;;;;;;;;;;
23/03/11;505,98;;;;;;;;;;;;;;;;;
24/03/11;499,62;;;;;;;;;;;;;;;;;
25/03/11;503,68;;;;;;;;;;;;;;;;;
26/03/11;501,24;;;;;;;;;;;;;;;;;
27/03/11;497,09;;;;;;;;;;;;;;;;;
28/03/11;510,47;;;;;;;;;;;;;;;;;
29/03/11;504,73;;;;;;;;;;;;;;;;;
30/03/11;508,98;;;;;;;;;;;;;;;;;
31/03/11;494,16;;;;;;;;;;;;;;;;;
01/04/11;486,86;;;;;;;;;;;;;;;;;
02/04/11;483,66;;;;;;;;;;;;;;;;;
03/04/11;477,21;;;;;;;;;;;;;;;;;
04/04/11;496,12;;;;;;;;;;;;;;;;;
05/04/11;473,54;;;;;;;;;;;;;;;;;
06/04/11;457,08;;;;;;;;;;;;;;;;;
07/04/11;441,74;;;;;;;;;;;;;;;;;
08/04/11;429,64;;;;;;;;;;;;;;;;;
09/04/11;415,86;;;;;;;;;;;;;;;;;
10/04/11;426,14;;;;;;;;;;;;;;;;;
11/04/11;451,28;;;;;;;;;;;;;;;;;
12/04/11;443,35;;;;;;;;;;;;;;;;;
13/04/11;449,23;;;;;;;;;;;;;;;;;
14/04/11;455,8;;;;;;;;;;;;;;;;;
15/04/11;447,95;;;;;;;;;;;;;;;;;
16/04/11;418,86;;;;;;;;;;;;;;;;;
17/04/11;388,62;;;;;;;;;;;;;;;;;
18/04/11;429,03;;;;;;;;;;;;;;;;;
19/04/11;430,38;;;;;;;;;;;;;;;;;
20/04/11;416,73;;;;;;;;;;;;;;;;;
21/04/11;402,85;;;;;;;;;;;;;;;;;
22/04/11;383,19;;;;;;;;;;;;;;;;;
23/04/11;372,21;;;;;;;;;;;;;;;;;
24/04/11;262,54;;;;;;;;;;;;;;;;;
25/04/11;282,38;;;;;;;;;;;;;;;;;
26/04/11;400,5;;;;;;;;;;;;;;;;;
27/04/11;418,09;;;;;;;;;;;;;;;;;
28/04/11;411,11;;;;;;;;;;;;;;;;;
29/04/11;396,71;;;;;;;;;;;;;;;;;
30/04/11;366,99;;;;;;;;;;;;;;;;;
01/05/11;360,22;;;;;;;;;;;;;;;;;
02/05/11;434,62;;;;;;;;;;;;;;;;;
03/05/11;454,72;;;;;;;;;;;;;;;;;
04/05/11;461,41;;;;;;;;;;;;;;;;;
05/05/11;469,01;;;;;;;;;;;;;;;;;
06/05/11;462,31;;;;;;;;;;;;;;;;;
07/05/11;435,2;;;;;;;;;;;;;;;;;
08/05/11;418,9;;;;;;;;;;;;;;;;;
09/05/11;443,02;;;;;;;;;;;;;;;;;
10/05/11;443,81;;;;;;;;;;;;;;;;;
11/05/11;450,28;;;;;;;;;;;;;;;;;
12/05/11;449,95;;;;;;;;;;;;;;;;;
13/05/11;442,19;;;;;;;;;;;;;;;;;
14/05/11;434,13;;;;;;;;;;;;;;;;;
15/05/11;424,96;;;;;;;;;;;;;;;;;
16/05/11;436,85;;;;;;;;;;;;;;;;;
17/05/11;426,11;;;;;;;;;;;;;;;;;
18/05/11;434,02;;;;;;;;;;;;;;;;;
19/05/11;425,79;;;;;;;;;;;;;;;;;
20/05/11;424,86;;;;;;;;;;;;;;;;;
21/05/11;416,46;;;;;;;;;;;;;;;;;
22/05/11;412,17;;;;;;;;;;;;;;;;;
23/05/11;420,19;;;;;;;;;;;;;;;;;
24/05/11;409,23;;;;;;;;;;;;;;;;;
25/05/11;417,1;;;;;;;;;;;;;;;;;
26/05/11;419,54;;;;;;;;;;;;;;;;;
27/05/11;411,55;;;;;;;;;;;;;;;;;
28/05/11;398,4;;;;;;;;;;;;;;;;;
29/05/11;374,4;;;;;;;;;;;;;;;;;
30/05/11;413,18;;;;;;;;;;;;;;;;;
31/05/11;426,7;;;;;;;;;;;;;;;;;
01/06/11;423,7;;;;;;;;;;;;;;;;;
02/06/11;401,27;;;;;;;;;;;;;;;;;
03/06/11;410,5;;;;;;;;;;;;;;;;;
04/06/11;394;;;;;;;;;;;;;;;;;
05/06/11;381,29;;;;;;;;;;;;;;;;;
06/06/11;403,31;;;;;;;;;;;;;;;;;
07/06/11;440,32;;;;;;;;;;;;;;;;;
08/06/11;430,07;;;;;;;;;;;;;;;;;
09/06/11;413,39;;;;;;;;;;;;;;;;;
10/06/11;414,37;;;;;;;;;;;;;;;;;
11/06/11;395,67;;;;;;;;;;;;;;;;;
12/06/11;373,89;;;;;;;;;;;;;;;;;
13/06/11;389,94;;;;;;;;;;;;;;;;;
14/06/11;417,96;;;;;;;;;;;;;;;;;
15/06/11;420,52;;;;;;;;;;;;;;;;;
16/06/11;414,85;;;;;;;;;;;;;;;;;
17/06/11;400,59;;;;;;;;;;;;;;;;;
18/06/11;363,99;;;;;;;;;;;;;;;;;
19/06/11;253,57;;;;;;;;;;;;;;;;;
20/06/11;339,44;;;;;;;;;;;;;;;;;
21/06/11;397,48;;;;;;;;;;;;;;;;;
22/06/11;396,36;;;;;;;;;;;;;;;;;
23/06/11;340,08;;;;;;;;;;;;;;;;;
24/06/11;330,57;;;;;;;;;;;;;;;;;
25/06/11;306,56;;;;;;;;;;;;;;;;;
26/06/11;308,47;;;;;;;;;;;;;;;;;
27/06/11;370,89;;;;;;;;;;;;;;;;;
28/06/11;351,4;;;;;;;;;;;;;;;;;
29/06/11;353,61;;;;;;;;;;;;;;;;;
30/06/11;335,76;;;;;;;;;;;;;;;;;
01/07/11;311,34;;;;;;;;;;;;;;;;;
02/07/11;284,21;;;;;;;;;;;;;;;;;
03/07/11;225,73;;;;;;;;;;;;;;;;;
04/07/11;335,79;;;;;;;;;;;;;;;;;
05/07/11;343,42;;;;;;;;;;;;;;;;;
06/07/11;340,06;;;;;;;;;;;;;;;;;
07/07/11;351,19;;;;;;;;;;;;;;;;;
08/07/11;345,89;;;;;;;;;;;;;;;;;
09/07/11;331,06;;;;;;;;;;;;;;;;;
10/07/11;315,02;;;;;;;;;;;;;;;;;
11/07/11;346,91;;;;;;;;;;;;;;;;;
12/07/11;349,08;;;;;;;;;;;;;;;;;
13/07/11;338,94;;;;;;;;;;;;;;;;;
14/07/11;333,28;;;;;;;;;;;;;;;;;
15/07/11;328,17;;;;;;;;;;;;;;;;;
16/07/11;329,85;;;;;;;;;;;;;;;;;
17/07/11;270,95;;;;;;;;;;;;;;;;;
18/07/11;306,09;;;;;;;;;;;;;;;;;
19/07/11;329,93;;;;;;;;;;;;;;;;;
20/07/11;335,67;;;;;;;;;;;;;;;;;
21/07/11;331,68;;;;;;;;;;;;;;;;;
22/07/11;305,23;;;;;;;;;;;;;;;;;
23/07/11;207,93;;;;;;;;;;;;;;;;;
24/07/11;151,45;;;;;;;;;;;;;;;;;
25/07/11;265,99;;;;;;;;;;;;;;;;;
26/07/11;289,04;;;;;;;;;;;;;;;;;
27/07/11;277,13;;;;;;;;;;;;;;;;;
28/07/11;253,99;;;;;;;;;;;;;;;;;
29/07/11;275,35;;;;;;;;;;;;;;;;;
30/07/11;273,62;;;;;;;;;;;;;;;;;
31/07/11;273,25;;;;;;;;;;;;;;;;;
01/08/11;317,39;;;;;;;;;;;;;;;;;
02/08/11;316,74;;;;;;;;;;;;;;;;;
03/08/11;306,89;;;;;;;;;;;;;;;;;
04/08/11;304,01;;;;;;;;;;;;;;;;;
05/08/11;300,65;;;;;;;;;;;;;;;;;
06/08/11;283,42;;;;;;;;;;;;;;;;;
07/08/11;223,4;;;;;;;;;;;;;;;;;
08/08/11;300,79;;;;;;;;;;;;;;;;;
09/08/11;284,03;;;;;;;;;;;;;;;;;
10/08/11;264,46;;;;;;;;;;;;;;;;;
11/08/11;268,27;;;;;;;;;;;;;;;;;
12/08/11;285,98;;;;;;;;;;;;;;;;;
13/08/11;270,2;;;;;;;;;;;;;;;;;
14/08/11;272,46;;;;;;;;;;;;;;;;;
15/08/11;317,82;;;;;;;;;;;;;;;;;
16/08/11;338,85;;;;;;;;;;;;;;;;;
17/08/11;335,21;;;;;;;;;;;;;;;;;
18/08/11;343,81;;;;;;;;;;;;;;;;;
19/08/11;340,16;;;;;;;;;;;;;;;;;
20/08/11;315,02;;;;;;;;;;;;;;;;;
21/08/11;325,89;;;;;;;;;;;;;;;;;
22/08/11;358,52;;;;;;;;;;;;;;;;;
23/08/11;348,81;;;;;;;;;;;;;;;;;
24/08/11;338,78;;;;;;;;;;;;;;;;;
25/08/11;341,35;;;;;;;;;;;;;;;;;
26/08/11;336,25;;;;;;;;;;;;;;;;;
27/08/11;332,94;;;;;;;;;;;;;;;;;
28/08/11;307,62;;;;;;;;;;;;;;;;;
29/08/11;333,55;;;;;;;;;;;;;;;;;
30/08/11;344,12;;;;;;;;;;;;;;;;;
31/08/11;353,41;;;;;;;;;;;;;;;;;
01/09/11;352,96;;;;;;;;;;;;;;;;;
02/09/11;349,19;;;;;;;;;;;;;;;;;
03/09/11;338,07;;;;;;;;;;;;;;;;;
04/09/11;322,71;;;;;;;;;;;;;;;;;
05/09/11;338,66;;;;;;;;;;;;;;;;;
06/09/11;307,53;;;;;;;;;;;;;;;;;
07/09/11;272,93;;;;;;;;;;;;;;;;;
08/09/11;280,83;;;;;;;;;;;;;;;;;
09/09/11;280,47;;;;;;;;;;;;;;;;;
10/09/11;241,9;;;;;;;;;;;;;;;;;
11/09/11;181,43;;;;;;;;;;;;;;;;;
12/09/11;220,29;;;;;;;;;;;;;;;;;
13/09/11;175,39;;;;;;;;;;;;;;;;;
14/09/11;166,38;;;;;;;;;;;;;;;;;
15/09/11;103,32;;;;;;;;;;;;;;;;;
16/09/11;138,67;;;;;;;;;;;;;;;;;
17/09/11;62,7;;;;;;;;;;;;;;;;;
18/09/11;108,07;;;;;;;;;;;;;;;;;
19/09/11;199,71;;;;;;;;;;;;;;;;;
20/09/11;200,02;;;;;;;;;;;;;;;;;
21/09/11;232,02;;;;;;;;;;;;;;;;;
22/09/11;191,19;;;;;;;;;;;;;;;;;
23/09/11;212,86;;;;;;;;;;;;;;;;;
24/09/11;200,54;;;;;;;;;;;;;;;;;
25/09/11;202,08;;;;;;;;;;;;;;;;;
26/09/11;245,33;;;;;;;;;;;;;;;;;
27/09/11;238,52;;;;;;;;;;;;;;;;;
28/09/11;219,42;;;;;;;;;;;;;;;;;
29/09/11;168,5;;;;;;;;;;;;;;;;;
30/09/11;139,9;;;;;;;;;;;;;;;;;
01/10/11;49,5;;;;;;;;;;;;;;;;;
02/10/11;45,58;;;;;;;;;;;;;;;;;
03/10/11;110,58;;;;;;;;;;;;;;;;;
04/10/11;77,05;;;;;;;;;;;;;;;;;
05/10/11;65,13;;;;;;;;;;;;;;;;;
06/10/11;63,37;;;;;;;;;;;;;;;;;
07/10/11;76,26;;;;;;;;;;;;;;;;;
08/10/11;68,51;;;;;;;;;;;;;;;;;
09/10/11;87,09;;;;;;;;;;;;;;;;;
10/10/11;136,86;;;;;;;;;;;;;;;;;
11/10/11;175,62;;;;;;;;;;;;;;;;;
12/10/11;221,49;;;;;;;;;;;;;;;;;
13/10/11;273,77;;;;;;;;;;;;;;;;;
14/10/11;286,74;;;;;;;;;;;;;;;;;
15/10/11;267,62;;;;;;;;;;;;;;;;;
16/10/11;271,54;;;;;;;;;;;;;;;;;
17/10/11;297,74;;;;;;;;;;;;;;;;;
18/10/11;263,46;;;;;;;;;;;;;;;;;
19/10/11;281,05;;;;;;;;;;;;;;;;;
20/10/11;305,89;;;;;;;;;;;;;;;;;
21/10/11;316,59;;;;;;;;;;;;;;;;;
22/10/11;288,29;;;;;;;;;;;;;;;;;
23/10/11;278,53;;;;;;;;;;;;;;;;;
24/10/11;294,97;;;;;;;;;;;;;;;;;
25/10/11;298,82;;;;;;;;;;;;;;;;;
26/10/11;307,63;;;;;;;;;;;;;;;;;
27/10/11;302,85;;;;;;;;;;;;;;;;;
28/10/11;304,36;;;;;;;;;;;;;;;;;
29/10/11;293,02;;;;;;;;;;;;;;;;;
30/10/11;274,17;;;;;;;;;;;;;;;;;
31/10/11;315,63;;;;;;;;;;;;;;;;;
01/11/11;310,14;;;;;;;;;;;;;;;;;
02/11/11;316,87;;;;;;;;;;;;;;;;;
03/11/11;310,14;;;;;;;;;;;;;;;;;
04/11/11;303,74;;;;;;;;;;;;;;;;;
05/11/11;309,52;;;;;;;;;;;;;;;;;
06/11/11;309,49;;;;;;;;;;;;;;;;;
07/11/11;332,24;;;;;;;;;;;;;;;;;
08/11/11;339,08;;;;;;;;;;;;;;;;;
09/11/11;342,6;;;;;;;;;;;;;;;;;
10/11/11;344,66;;;;;;;;;;;;;;;;;
11/11/11;335,36;;;;;;;;;;;;;;;;;
12/11/11;325,44;;;;;;;;;;;;;;;;;
13/11/11;329,39;;;;;;;;;;;;;;;;;
14/11/11;346,68;;;;;;;;;;;;;;;;;
15/11/11;356,83;;;;;;;;;;;;;;;;;
16/11/11;350,72;;;;;;;;;;;;;;;;;
17/11/11;360,57;;;;;;;;;;;;;;;;;
18/11/11;350,87;;;;;;;;;;;;;;;;;
19/11/11;329,06;;;;;;;;;;;;;;;;;
20/11/11;327,94;;;;;;;;;;;;;;;;;
21/11/11;335,27;;;;;;;;;;;;;;;;;
22/11/11;335,77;;;;;;;;;;;;;;;;;
23/11/11;323,03;;;;;;;;;;;;;;;;;
24/11/11;309,42;;;;;;;;;;;;;;;;;
25/11/11;293,69;;;;;;;;;;;;;;;;;
26/11/11;272,9;;;;;;;;;;;;;;;;;
27/11/11;249,94;;;;;;;;;;;;;;;;;
28/11/11;293,47;;;;;;;;;;;;;;;;;
29/11/11;289,7;;;;;;;;;;;;;;;;;
30/11/11;277,99;;;;;;;;;;;;;;;;;
01/12/11;277,72;;;;;;;;;;;;;;;;;
02/12/11;298,95;;;;;;;;;;;;;;;;;
03/12/11;272,38;;;;;;;;;;;;;;;;;
04/12/11;240,97;;;;;;;;;;;;;;;;;
05/12/11;291,69;;;;;;;;;;;;;;;;;
06/12/11;296,33;;;;;;;;;;;;;;;;;
07/12/11;305,99;;;;;;;;;;;;;;;;;
08/12/11;302,13;;;;;;;;;;;;;;;;;
09/12/11;273,83;;;;;;;;;;;;;;;;;
10/12/11;264,49;;;;;;;;;;;;;;;;;
11/12/11;275,17;;;;;;;;;;;;;;;;;
12/12/11;286,42;;;;;;;;;;;;;;;;;
13/12/11;274,85;;;;;;;;;;;;;;;;;
14/12/11;269,28;;;;;;;;;;;;;;;;;
15/12/11;275,74;;;;;;;;;;;;;;;;;
16/12/11;293,61;;;;;;;;;;;;;;;;;
17/12/11;255,8;;;;;;;;;;;;;;;;;
18/12/11;252,22;;;;;;;;;;;;;;;;;
19/12/11;284,04;;;;;;;;;;;;;;;;;
20/12/11;288,61;;;;;;;;;;;;;;;;;
21/12/11;288,59;;;;;;;;;;;;;;;;;
22/12/11;279,72;;;;;;;;;;;;;;;;;
23/12/11;252,26;;;;;;;;;;;;;;;;;
24/12/11;215,35;;;;;;;;;;;;;;;;;
25/12/11;169,54;;;;;;;;;;;;;;;;;
26/12/11;163,19;;;;;;;;;;;;;;;;;
27/12/11;220,7;;;;;;;;;;;;;;;;;
28/12/11;236,98;;;;;;;;;;;;;;;;;
29/12/11;204,31;;;;;;;;;;;;;;;;;
30/12/11;237,64;;;;;;;;;;;;;;;;;
31/12/11;256,26;;;;;;;;;;;;;;;;;
01/01/12;224,83;;;;;;;;;;;;;;;;;
02/01/12;259,57;;;;;;;;;;;;;;;;;
03/01/12;239,05;;;;;;;;;;;;;;;;;
04/01/12;233,6;;;;;;;;;;;;;;;;;
05/01/12;248,32;;;;;;;;;;;;;;;;;
06/01/12;249,84;;;;;;;;;;;;;;;;;
07/01/12;246,63;;;;;;;;;;;;;;;;;
08/01/12;251,54;;;;;;;;;;;;;;;;;
09/01/12;346,3;;;;;;;;;;;;;;;;;
10/01/12;312,52;;;;;;;;;;;;;;;;;
11/01/12;275,21;;;;;;;;;;;;;;;;;
12/01/12;259,75;;;;;;;;;;;;;;;;;
13/01/12;248,42;;;;;;;;;;;;;;;;;
14/01/12;254,2;;;;;;;;;;;;;;;;;
15/01/12;268,47;;;;;;;;;;;;;;;;;
16/01/12;317,92;;;;;;;;;;;;;;;;;
17/01/12;351,32;;;;;;;;;;;;;;;;;
18/01/12;291,74;;;;;;;;;;;;;;;;;
19/01/12;280,49;;;;;;;;;;;;;;;;;
20/01/12;300,35;;;;;;;;;;;;;;;;;
21/01/12;259,09;;;;;;;;;;;;;;;;;
22/01/12;241,23;;;;;;;;;;;;;;;;;
23/01/12;325,26;;;;;;;;;;;;;;;;;
24/01/12;337,97;;;;;;;;;;;;;;;;;
25/01/12;331,09;;;;;;;;;;;;;;;;;
26/01/12;299,85;;;;;;;;;;;;;;;;;
27/01/12;328,35;;;;;;;;;;;;;;;;;
28/01/12;292,09;;;;;;;;;;;;;;;;;
29/01/12;278,84;;;;;;;;;;;;;;;;;
30/01/12;327,1;;;;;;;;;;;;;;;;;
31/01/12;370,7;;;;;;;;;;;;;;;;;
01/02/12;541,55;;;;;;;;;;;;;;;;;
02/02/12;657,7;;;;;;;;;;;;;;;;;
03/02/12;644,75;;;;;;;;;;;;;;;;;
04/02/12;393,92;;;;;;;;;;;;;;;;;
05/02/12;332,5;;;;;;;;;;;;;;;;;
06/02/12;576,28;;;;;;;;;;;;;;;;;
07/02/12;543,45;;;;;;;;;;;;;;;;;
08/02/12;732,8;;;;;;;;;;;;;;;;;
09/02/12;494,78;;;;;;;;;;;;;;;;;
10/02/12;530,76;;;;;;;;;;;;;;;;;
11/02/12;330,7;;;;;;;;;;;;;;;;;
12/02/12;298,15;;;;;;;;;;;;;;;;;
13/02/12;380,82;;;;;;;;;;;;;;;;;
14/02/12;319,87;;;;;;;;;;;;;;;;;
15/02/12;285;;;;;;;;;;;;;;;;;
16/02/12;344,98;;;;;;;;;;;;;;;;;
17/02/12;294,5;;;;;;;;;;;;;;;;;
18/02/12;264,17;;;;;;;;;;;;;;;;;
19/02/12;249,4;;;;;;;;;;;;;;;;;
20/02/12;296,03;;;;;;;;;;;;;;;;;
21/02/12;273,46;;;;;;;;;;;;;;;;;
22/02/12;258,89;;;;;;;;;;;;;;;;;
23/02/12;235,76;;;;;;;;;;;;;;;;;
24/02/12;237,86;;;;;;;;;;;;;;;;;
25/02/12;231,49;;;;;;;;;;;;;;;;;
26/02/12;247,38;;;;;;;;;;;;;;;;;
27/02/12;282,2;;;;;;;;;;;;;;;;;
28/02/12;253,43;;;;;;;;;;;;;;;;;
29/02/12;256,34;;;;;;;;;;;;;;;;;
01/03/12;247,42;;;;;;;;;;;;;;;;;
02/03/12;244,68;;;;;;;;;;;;;;;;;
03/03/12;234,36;;;;;;;;;;;;;;;;;
04/03/12;235,67;;;;;;;;;;;;;;;;;
05/03/12;256,72;;;;;;;;;;;;;;;;;
06/03/12;257,26;;;;;;;;;;;;;;;;;
07/03/12;241,1;;;;;;;;;;;;;;;;;
08/03/12;242,76;;;;;;;;;;;;;;;;;
09/03/12;232,55;;;;;;;;;;;;;;;;;
10/03/12;214,55;;;;;;;;;;;;;;;;;
11/03/12;205,5;;;;;;;;;;;;;;;;;
12/03/12;228,47;;;;;;;;;;;;;;;;;
13/03/12;224,23;;;;;;;;;;;;;;;;;
14/03/12;230,73;;;;;;;;;;;;;;;;;
15/03/12;228,83;;;;;;;;;;;;;;;;;
16/03/12;229,87;;;;;;;;;;;;;;;;;
17/03/12;210,43;;;;;;;;;;;;;;;;;
18/03/12;211,07;;;;;;;;;;;;;;;;;
19/03/12;221,68;;;;;;;;;;;;;;;;;
20/03/12;215,81;;;;;;;;;;;;;;;;;
21/03/12;219,37;;;;;;;;;;;;;;;;;
22/03/12;218,6;;;;;;;;;;;;;;;;;
23/03/12;214,64;;;;;;;;;;;;;;;;;
24/03/12;193,4;;;;;;;;;;;;;;;;;
25/03/12;186,42;;;;;;;;;;;;;;;;;
26/03/12;215,65;;;;;;;;;;;;;;;;;
27/03/12;203,2;;;;;;;;;;;;;;;;;
28/03/12;192,8;;;;;;;;;;;;;;;;;
29/03/12;181,57;;;;;;;;;;;;;;;;;
30/03/12;189;;;;;;;;;;;;;;;;;
31/03/12;175,16;;;;;;;;;;;;;;;;;
01/04/12;182,7;;;;;;;;;;;;;;;;;
02/04/12;211,16;;;;;;;;;;;;;;;;;
03/04/12;241,6;;;;;;;;;;;;;;;;;
04/04/12;234,42;;;;;;;;;;;;;;;;;
05/04/12;223,79;;;;;;;;;;;;;;;;;
06/04/12;217,02;;;;;;;;;;;;;;;;;
07/04/12;218,21;;;;;;;;;;;;;;;;;
08/04/12;222,74;;;;;;;;;;;;;;;;;
09/04/12;194,37;;;;;;;;;;;;;;;;;
10/04/12;219,47;;;;;;;;;;;;;;;;;
11/04/12;240,79;;;;;;;;;;;;;;;;;
12/04/12;248,3;;;;;;;;;;;;;;;;;
13/04/12;255,55;;;;;;;;;;;;;;;;;
14/04/12;243,61;;;;;;;;;;;;;;;;;
15/04/12;235,67;;;;;;;;;;;;;;;;;
16/04/12;275,97;;;;;;;;;;;;;;;;;
17/04/12;318,49;;;;;;;;;;;;;;;;;
18/04/12;319,4;;;;;;;;;;;;;;;;;
19/04/12;267,86;;;;;;;;;;;;;;;;;
20/04/12;268,75;;;;;;;;;;;;;;;;;
21/04/12;238,83;;;;;;;;;;;;;;;;;
22/04/12;237,91;;;;;;;;;;;;;;;;;
23/04/12;267,27;;;;;;;;;;;;;;;;;
24/04/12;253,83;;;;;;;;;;;;;;;;;
25/04/12;264,82;;;;;;;;;;;;;;;;;
26/04/12;254,67;;;;;;;;;;;;;;;;;
27/04/12;235,37;;;;;;;;;;;;;;;;;
28/04/12;216,52;;;;;;;;;;;;;;;;;
29/04/12;170,81;;;;;;;;;;;;;;;;;
30/04/12;223,46;;;;;;;;;;;;;;;;;
01/05/12;176,44;;;;;;;;;;;;;;;;;
02/05/12;226,34;;;;;;;;;;;;;;;;;
03/05/12;239,22;;;;;;;;;;;;;;;;;
04/05/12;241,47;;;;;;;;;;;;;;;;;
05/05/12;226,11;;;;;;;;;;;;;;;;;
06/05/12;227,35;;;;;;;;;;;;;;;;;
07/05/12;265,48;;;;;;;;;;;;;;;;;
08/05/12;264,41;;;;;;;;;;;;;;;;;
09/05/12;257,83;;;;;;;;;;;;;;;;;
10/05/12;250,47;;;;;;;;;;;;;;;;;
11/05/12;222,39;;;;;;;;;;;;;;;;;
12/05/12;199,61;;;;;;;;;;;;;;;;;
13/05/12;211,57;;;;;;;;;;;;;;;;;
14/05/12;230,67;;;;;;;;;;;;;;;;;
15/05/12;259,6;;;;;;;;;;;;;;;;;
16/05/12;245,71;;;;;;;;;;;;;;;;;
17/05/12;192,87;;;;;;;;;;;;;;;;;
18/05/12;226,26;;;;;;;;;;;;;;;;;
19/05/12;210,81;;;;;;;;;;;;;;;;;
20/05/12;180,17;;;;;;;;;;;;;;;;;
21/05/12;223,23;;;;;;;;;;;;;;;;;
22/05/12;217,22;;;;;;;;;;;;;;;;;
23/05/12;206,86;;;;;;;;;;;;;;;;;
24/05/12;198,58;;;;;;;;;;;;;;;;;
25/05/12;183,1;;;;;;;;;;;;;;;;;
26/05/12;157,41;;;;;;;;;;;;;;;;;
27/05/12;135,07;;;;;;;;;;;;;;;;;
28/05/12;164,85;;;;;;;;;;;;;;;;;
29/05/12;206,9;;;;;;;;;;;;;;;;;
30/05/12;212,84;;;;;;;;;;;;;;;;;
31/05/12;232,52;;;;;;;;;;;;;;;;;
01/06/12;208,03;;;;;;;;;;;;;;;;;
02/06/12;190,73;;;;;;;;;;;;;;;;;
03/06/12;185,94;;;;;;;;;;;;;;;;;
04/06/12;238,73;;;;;;;;;;;;;;;;;
05/06/12;217,48;;;;;;;;;;;;;;;;;
06/06/12;217,17;;;;;;;;;;;;;;;;;
07/06/12;214,52;;;;;;;;;;;;;;;;;
08/06/12;202,31;;;;;;;;;;;;;;;;;
09/06/12;164,64;;;;;;;;;;;;;;;;;
10/06/12;158,24;;;;;;;;;;;;;;;;;
11/06/12;205,21;;;;;;;;;;;;;;;;;
12/06/12;202,78;;;;;;;;;;;;;;;;;
13/06/12;203,97;;;;;;;;;;;;;;;;;
14/06/12;198,71;;;;;;;;;;;;;;;;;
15/06/12;196,73;;;;;;;;;;;;;;;;;
16/06/12;177,16;;;;;;;;;;;;;;;;;
17/06/12;146,42;;;;;;;;;;;;;;;;;
18/06/12;190,89;;;;;;;;;;;;;;;;;
19/06/12;196,1;;;;;;;;;;;;;;;;;
20/06/12;196,12;;;;;;;;;;;;;;;;;
21/06/12;183,54;;;;;;;;;;;;;;;;;
22/06/12;167,18;;;;;;;;;;;;;;;;;
23/06/12;161,79;;;;;;;;;;;;;;;;;
24/06/12;146,84;;;;;;;;;;;;;;;;;
25/06/12;170,52;;;;;;;;;;;;;;;;;
26/06/12;185,13;;;;;;;;;;;;;;;;;
27/06/12;193,99;;;;;;;;;;;;;;;;;
28/06/12;193,3;;;;;;;;;;;;;;;;;
29/06/12;185,12;;;;;;;;;;;;;;;;;
30/06/12;172,31;;;;;;;;;;;;;;;;;
01/07/12;157,35;;;;;;;;;;;;;;;;;
02/07/12;186,54;;;;;;;;;;;;;;;;;
03/07/12;189,38;;;;;;;;;;;;;;;;;
04/07/12;188,92;;;;;;;;;;;;;;;;;
05/07/12;177,93;;;;;;;;;;;;;;;;;
06/07/12;167,72;;;;;;;;;;;;;;;;;
07/07/12;144,93;;;;;;;;;;;;;;;;;
08/07/12;141,5;;;;;;;;;;;;;;;;;
09/07/12;155,42;;;;;;;;;;;;;;;;;
10/07/12;133,23;;;;;;;;;;;;;;;;;
11/07/12;137,03;;;;;;;;;;;;;;;;;
12/07/12;113,47;;;;;;;;;;;;;;;;;
13/07/12;96,66;;;;;;;;;;;;;;;;;
14/07/12;77,32;;;;;;;;;;;;;;;;;
15/07/12;58,65;;;;;;;;;;;;;;;;;
16/07/12;66,43;;;;;;;;;;;;;;;;;
17/07/12;59,78;;;;;;;;;;;;;;;;;
18/07/12;62,19;;;;;;;;;;;;;;;;;
19/07/12;61,37;;;;;;;;;;;;;;;;;
20/07/12;68,5;;;;;;;;;;;;;;;;;
21/07/12;72,09;;;;;;;;;;;;;;;;;
22/07/12;71,79;;;;;;;;;;;;;;;;;
23/07/12;59,71;;;;;;;;;;;;;;;;;
24/07/12;67,12;;;;;;;;;;;;;;;;;
25/07/12;58,66;;;;;;;;;;;;;;;;;
26/07/12;59,78;;;;;;;;;;;;;;;;;
27/07/12;60,43;;;;;;;;;;;;;;;;;
28/07/12;60,83;;;;;;;;;;;;;;;;;
29/07/12;68,47;;;;;;;;;;;;;;;;;
30/07/12;77,79;;;;;;;;;;;;;;;;;
31/07/12;76,98;;;;;;;;;;;;;;;;;
01/08/12;80,06;;;;;;;;;;;;;;;;;
02/08/12;77,41;;;;;;;;;;;;;;;;;
03/08/12;78,19;;;;;;;;;;;;;;;;;
04/08/12;74,85;;;;;;;;;;;;;;;;;
05/08/12;77,93;;;;;;;;;;;;;;;;;
06/08/12;89,93;;;;;;;;;;;;;;;;;
07/08/12;78,97;;;;;;;;;;;;;;;;;
08/08/12;89,73;;;;;;;;;;;;;;;;;
09/08/12;123,24;;;;;;;;;;;;;;;;;
10/08/12;140,33;;;;;;;;;;;;;;;;;
11/08/12;139,01;;;;;;;;;;;;;;;;;
12/08/12;149,62;;;;;;;;;;;;;;;;;
13/08/12;187,06;;;;;;;;;;;;;;;;;
14/08/12;196,68;;;;;;;;;;;;;;;;;
15/08/12;200,16;;;;;;;;;;;;;;;;;
16/08/12;224,74;;;;;;;;;;;;;;;;;
17/08/12;223,46;;;;;;;;;;;;;;;;;
18/08/12;202,92;;;;;;;;;;;;;;;;;
19/08/12;194,74;;;;;;;;;;;;;;;;;
20/08/12;229,07;;;;;;;;;;;;;;;;;
21/08/12;223,88;;;;;;;;;;;;;;;;;
22/08/12;215,26;;;;;;;;;;;;;;;;;
23/08/12;223,37;;;;;;;;;;;;;;;;;
24/08/12;236,51;;;;;;;;;;;;;;;;;
25/08/12;219,89;;;;;;;;;;;;;;;;;
26/08/12;191,89;;;;;;;;;;;;;;;;;
27/08/12;235,13;;;;;;;;;;;;;;;;;
28/08/12;238,42;;;;;;;;;;;;;;;;;
29/08/12;235,79;;;;;;;;;;;;;;;;;
30/08/12;241,7;;;;;;;;;;;;;;;;;
31/08/12;228,8;;;;;;;;;;;;;;;;;
01/09/12;200,1;;;;;;;;;;;;;;;;;
02/09/12;181,83;;;;;;;;;;;;;;;;;
03/09/12;223,96;;;;;;;;;;;;;;;;;
04/09/12;204,95;;;;;;;;;;;;;;;;;
05/09/12;189,76;;;;;;;;;;;;;;;;;
06/09/12;179,01;;;;;;;;;;;;;;;;;
07/09/12;156,51;;;;;;;;;;;;;;;;;
08/09/12;132,58;;;;;;;;;;;;;;;;;
09/09/12;144,96;;;;;;;;;;;;;;;;;
10/09/12;168,25;;;;;;;;;;;;;;;;;
11/09/12;176,59;;;;;;;;;;;;;;;;;
12/09/12;185,92;;;;;;;;;;;;;;;;;
13/09/12;186,25;;;;;;;;;;;;;;;;;
14/09/12;152,99;;;;;;;;;;;;;;;;;
15/09/12;145,25;;;;;;;;;;;;;;;;;
16/09/12;150,38;;;;;;;;;;;;;;;;;
17/09/12;186,73;;;;;;;;;;;;;;;;;
18/09/12;185,75;;;;;;;;;;;;;;;;;
19/09/12;180,23;;;;;;;;;;;;;;;;;
20/09/12;201,98;;;;;;;;;;;;;;;;;
21/09/12;207,15;;;;;;;;;;;;;;;;;
22/09/12;185,36;;;;;;;;;;;;;;;;;
23/09/12;181,17;;;;;;;;;;;;;;;;;
24/09/12;198,17;;;;;;;;;;;;;;;;;
25/09/12;208,18;;;;;;;;;;;;;;;;;
26/09/12;230,3;;;;;;;;;;;;;;;;;
27/09/12;247,84;;;;;;;;;;;;;;;;;
28/09/12;234,1;;;;;;;;;;;;;;;;;
29/09/12;215,5;;;;;;;;;;;;;;;;;
30/09/12;185,09;;;;;;;;;;;;;;;;;
01/10/12;228,47;;;;;;;;;;;;;;;;;
02/10/12;234,07;;;;;;;;;;;;;;;;;
03/10/12;214,76;;;;;;;;;;;;;;;;;
04/10/12;241,4;;;;;;;;;;;;;;;;;
05/10/12;239,4;;;;;;;;;;;;;;;;;
06/10/12;229,87;;;;;;;;;;;;;;;;;
07/10/12;212,43;;;;;;;;;;;;;;;;;
08/10/12;230,6;;;;;;;;;;;;;;;;;
09/10/12;247,77;;;;;;;;;;;;;;;;;
10/10/12;284,83;;;;;;;;;;;;;;;;;
11/10/12;288,11;;;;;;;;;;;;;;;;;
12/10/12;269,92;;;;;;;;;;;;;;;;;
13/10/12;247,06;;;;;;;;;;;;;;;;;
14/10/12;235,29;;;;;;;;;;;;;;;;;
15/10/12;273,08;;;;;;;;;;;;;;;;;
16/10/12;262,65;;;;;;;;;;;;;;;;;
17/10/12;257,3;;;;;;;;;;;;;;;;;
18/10/12;255,67;;;;;;;;;;;;;;;;;
19/10/12;254,24;;;;;;;;;;;;;;;;;
20/10/12;247,98;;;;;;;;;;;;;;;;;
21/10/12;246,68;;;;;;;;;;;;;;;;;
22/10/12;276,8;;;;;;;;;;;;;;;;;
23/10/12;286,83;;;;;;;;;;;;;;;;;
24/10/12;281,5;;;;;;;;;;;;;;;;;
25/10/12;280,32;;;;;;;;;;;;;;;;;
26/10/12;276,79;;;;;;;;;;;;;;;;;
27/10/12;272,42;;;;;;;;;;;;;;;;;
28/10/12;265,74;;;;;;;;;;;;;;;;;
29/10/12;270,87;;;;;;;;;;;;;;;;;
30/10/12;289,01;;;;;;;;;;;;;;;;;
31/10/12;278,96;;;;;;;;;;;;;;;;;
01/11/12;253,31;;;;;;;;;;;;;;;;;
02/11/12;248,29;;;;;;;;;;;;;;;;;
03/11/12;241,73;;;;;;;;;;;;;;;;;
04/11/12;243,07;;;;;;;;;;;;;;;;;
05/11/12;269,61;;;;;;;;;;;;;;;;;
06/11/12;260,76;;;;;;;;;;;;;;;;;
07/11/12;247,72;;;;;;;;;;;;;;;;;
08/11/12;250;;;;;;;;;;;;;;;;;
09/11/12;259,64;;;;;;;;;;;;;;;;;
10/11/12;235,7;;;;;;;;;;;;;;;;;
11/11/12;235,32;;;;;;;;;;;;;;;;;
12/11/12;252,08;;;;;;;;;;;;;;;;;
13/11/12;262,57;;;;;;;;;;;;;;;;;
14/11/12;255,21;;;;;;;;;;;;;;;;;
15/11/12;251,78;;;;;;;;;;;;;;;;;
16/11/12;253,62;;;;;;;;;;;;;;;;;
17/11/12;244,33;;;;;;;;;;;;;;;;;
18/11/12;241,67;;;;;;;;;;;;;;;;;
19/11/12;257,33;;;;;;;;;;;;;;;;;
20/11/12;256,24;;;;;;;;;;;;;;;;;
21/11/12;249,47;;;;;;;;;;;;;;;;;
22/11/12;241,31;;;;;;;;;;;;;;;;;
23/11/12;231,48;;;;;;;;;;;;;;;;;
24/11/12;235,73;;;;;;;;;;;;;;;;;
25/11/12;206,75;;;;;;;;;;;;;;;;;
26/11/12;241,32;;;;;;;;;;;;;;;;;
27/11/12;263,52;;;;;;;;;;;;;;;;;
28/11/12;267,6;;;;;;;;;;;;;;;;;
29/11/12;283,53;;;;;;;;;;;;;;;;;
30/11/12;296,11;;;;;;;;;;;;;;;;;
01/12/12;284,03;;;;;;;;;;;;;;;;;
02/12/12;283,02;;;;;;;;;;;;;;;;;
03/12/12;357,8;;;;;;;;;;;;;;;;;
04/12/12;365,36;;;;;;;;;;;;;;;;;
05/12/12;429,86;;;;;;;;;;;;;;;;;
06/12/12;382,59;;;;;;;;;;;;;;;;;
07/12/12;368,1;;;;;;;;;;;;;;;;;
08/12/12;317,21;;;;;;;;;;;;;;;;;
09/12/12;270,04;;;;;;;;;;;;;;;;;
10/12/12;328,23;;;;;;;;;;;;;;;;;
11/12/12;403,96;;;;;;;;;;;;;;;;;
12/12/12;490,68;;;;;;;;;;;;;;;;;
13/12/12;455,45;;;;;;;;;;;;;;;;;
14/12/12;305,86;;;;;;;;;;;;;;;;;
15/12/12;267,62;;;;;;;;;;;;;;;;;
16/12/12;268,41;;;;;;;;;;;;;;;;;
17/12/12;313,56;;;;;;;;;;;;;;;;;
18/12/12;351,64;;;;;;;;;;;;;;;;;
19/12/12;357,28;;;;;;;;;;;;;;;;;
20/12/12;310,75;;;;;;;;;;;;;;;;;
21/12/12;293,11;;;;;;;;;;;;;;;;;
22/12/12;276,16;;;;;;;;;;;;;;;;;
23/12/12;261,92;;;;;;;;;;;;;;;;;
24/12/12;267,23;;;;;;;;;;;;;;;;;
25/12/12;261,5;;;;;;;;;;;;;;;;;
26/12/12;261,25;;;;;;;;;;;;;;;;;
27/12/12;272,55;;;;;;;;;;;;;;;;;
28/12/12;272;;;;;;;;;;;;;;;;;
29/12/12;254,04;;;;;;;;;;;;;;;;;
30/12/12;237,25;;;;;;;;;;;;;;;;;
31/12/12;235,82;;;;;;;;;;;;;;;;;
01/01/13;233,01;;;;;;;;;;;;;;;;;
02/01/13;269,3;;;;;;;;;;;;;;;;;
03/01/13;256,89;;;;;;;;;;;;;;;;;
04/01/13;253,87;;;;;;;;;;;;;;;;;
05/01/13;258,16;;;;;;;;;;;;;;;;;
06/01/13;254,88;;;;;;;;;;;;;;;;;
07/01/13;281,94;;;;;;;;;;;;;;;;;
08/01/13;296,42;;;;;;;;;;;;;;;;;
09/01/13;287,94;;;;;;;;;;;;;;;;;
10/01/13;297,48;;;;;;;;;;;;;;;;;
11/01/13;305,65;;;;;;;;;;;;;;;;;
12/01/13;297,13;;;;;;;;;;;;;;;;;
13/01/13;290,44;;;;;;;;;;;;;;;;;
14/01/13;341,62;;;;;;;;;;;;;;;;;
15/01/13;352,78;;;;;;;;;;;;;;;;;
16/01/13;376,38;;;;;;;;;;;;;;;;;
17/01/13;396,62;;;;;;;;;;;;;;;;;
18/01/13;354,21;;;;;;;;;;;;;;;;;
19/01/13;299,08;;;;;;;;;;;;;;;;;
20/01/13;286,64;;;;;;;;;;;;;;;;;
21/01/13;307,62;;;;;;;;;;;;;;;;;
22/01/13;350,21;;;;;;;;;;;;;;;;;
23/01/13;404,27;;;;;;;;;;;;;;;;;
24/01/13;413,69;;;;;;;;;;;;;;;;;
25/01/13;376,92;;;;;;;;;;;;;;;;;
26/01/13;277,88;;;;;;;;;;;;;;;;;
27/01/13;268,26;;;;;;;;;;;;;;;;;
28/01/13;281,08;;;;;;;;;;;;;;;;;
29/01/13;275,83;;;;;;;;;;;;;;;;;
30/01/13;264,4;;;;;;;;;;;;;;;;;
31/01/13;267,45;;;;;;;;;;;;;;;;;
01/02/13;286,84;;;;;;;;;;;;;;;;;
02/02/13;271,44;;;;;;;;;;;;;;;;;
03/02/13;267,62;;;;;;;;;;;;;;;;;
04/02/13;274,01;;;;;;;;;;;;;;;;;
05/02/13;275,67;;;;;;;;;;;;;;;;;
06/02/13;292,5;;;;;;;;;;;;;;;;;
07/02/13;305,21;;;;;;;;;;;;;;;;;
08/02/13;296;;;;;;;;;;;;;;;;;
09/02/13;286,35;;;;;;;;;;;;;;;;;
10/02/13;279,51;;;;;;;;;;;;;;;;;
11/02/13;310,51;;;;;;;;;;;;;;;;;
12/02/13;318,35;;;;;;;;;;;;;;;;;
13/02/13;333,91;;;;;;;;;;;;;;;;;
14/02/13;294,79;;;;;;;;;;;;;;;;;
15/02/13;296,22;;;;;;;;;;;;;;;;;
16/02/13;285,05;;;;;;;;;;;;;;;;;
17/02/13;279,12;;;;;;;;;;;;;;;;;
18/02/13;292,17;;;;;;;;;;;;;;;;;
19/02/13;287,63;;;;;;;;;;;;;;;;;
20/02/13;294,35;;;;;;;;;;;;;;;;;
21/02/13;324,31;;;;;;;;;;;;;;;;;
22/02/13;321,14;;;;;;;;;;;;;;;;;
23/02/13;288,02;;;;;;;;;;;;;;;;;
24/02/13;281,67;;;;;;;;;;;;;;;;;
25/02/13;298,24;;;;;;;;;;;;;;;;;
26/02/13;302,33;;;;;;;;;;;;;;;;;
27/02/13;307,75;;;;;;;;;;;;;;;;;
28/02/13;299,31;;;;;;;;;;;;;;;;;
01/03/13;302,92;;;;;;;;;;;;;;;;;
02/03/13;292,96;;;;;;;;;;;;;;;;;
03/03/13;291,78;;;;;;;;;;;;;;;;;
04/03/13;318,5;;;;;;;;;;;;;;;;;
05/03/13;304,47;;;;;;;;;;;;;;;;;
06/03/13;308,85;;;;;;;;;;;;;;;;;
07/03/13;307,66;;;;;;;;;;;;;;;;;
08/03/13;302,42;;;;;;;;;;;;;;;;;
09/03/13;297,1;;;;;;;;;;;;;;;;;
10/03/13;295,22;;;;;;;;;;;;;;;;;
11/03/13;327,57;;;;;;;;;;;;;;;;;
12/03/13;351,26;;;;;;;;;;;;;;;;;
13/03/13;373,3;;;;;;;;;;;;;;;;;
14/03/13;398,54;;;;;;;;;;;;;;;;;
15/03/13;364,87;;;;;;;;;;;;;;;;;
16/03/13;319,77;;;;;;;;;;;;;;;;;
17/03/13;309,11;;;;;;;;;;;;;;;;;
18/03/13;321,38;;;;;;;;;;;;;;;;;
19/03/13;337,66;;;;;;;;;;;;;;;;;
20/03/13;363,97;;;;;;;;;;;;;;;;;
21/03/13;424,14;;;;;;;;;;;;;;;;;
22/03/13;354,84;;;;;;;;;;;;;;;;;
23/03/13;334,98;;;;;;;;;;;;;;;;;
24/03/13;336,09;;;;;;;;;;;;;;;;;
25/03/13;349,77;;;;;;;;;;;;;;;;;
26/03/13;346,01;;;;;;;;;;;;;;;;;
27/03/13;356,14;;;;;;;;;;;;;;;;;
28/03/13;362,14;;;;;;;;;;;;;;;;;
29/03/13;352,32;;;;;;;;;;;;;;;;;
30/03/13;352,26;;;;;;;;;;;;;;;;;
31/03/13;346,7;;;;;;;;;;;;;;;;;
01/04/13;354,28;;;;;;;;;;;;;;;;;
02/04/13;421,21;;;;;;;;;;;;;;;;;
03/04/13;373,01;;;;;;;;;;;;;;;;;
04/04/13;375,64;;;;;;;;;;;;;;;;;
05/04/13;391,44;;;;;;;;;;;;;;;;;
06/04/13;368,38;;;;;;;;;;;;;;;;;
07/04/13;361,64;;;;;;;;;;;;;;;;;
08/04/13;435,91;;;;;;;;;;;;;;;;;
09/04/13;398,14;;;;;;;;;;;;;;;;;
10/04/13;401,25;;;;;;;;;;;;;;;;;
11/04/13;406,63;;;;;;;;;;;;;;;;;
12/04/13;400,17;;;;;;;;;;;;;;;;;
13/04/13;384,25;;;;;;;;;;;;;;;;;
14/04/13;352,47;;;;;;;;;;;;;;;;;
15/04/13;374,24;;;;;;;;;;;;;;;;;
16/04/13;377,97;;;;;;;;;;;;;;;;;
17/04/13;340,73;;;;;;;;;;;;;;;;;
18/04/13;295,14;;;;;;;;;;;;;;;;;
19/04/13;279,71;;;;;;;;;;;;;;;;;
20/04/13;293,92;;;;;;;;;;;;;;;;;
21/04/13;292,16;;;;;;;;;;;;;;;;;
22/04/13;319,11;;;;;;;;;;;;;;;;;
23/04/13;285;;;;;;;;;;;;;;;;;
24/04/13;306,26;;;;;;;;;;;;;;;;;
25/04/13;312,97;;;;;;;;;;;;;;;;;
26/04/13;307,85;;;;;;;;;;;;;;;;;
27/04/13;288,94;;;;;;;;;;;;;;;;;
28/04/13;273,14;;;;;;;;;;;;;;;;;
29/04/13;295,53;;;;;;;;;;;;;;;;;
30/04/13;301,13;;;;;;;;;;;;;;;;;
01/05/13;295,34;;;;;;;;;;;;;;;;;
02/05/13;317,44;;;;;;;;;;;;;;;;;
03/05/13;310,64;;;;;;;;;;;;;;;;;
04/05/13;291,18;;;;;;;;;;;;;;;;;
05/05/13;292,93;;;;;;;;;;;;;;;;;
06/05/13;332,87;;;;;;;;;;;;;;;;;
07/05/13;312,31;;;;;;;;;;;;;;;;;
08/05/13;292,06;;;;;;;;;;;;;;;;;
09/05/13;270,1;;;;;;;;;;;;;;;;;
10/05/13;269,28;;;;;;;;;;;;;;;;;
11/05/13;252,91;;;;;;;;;;;;;;;;;
12/05/13;257,5;;;;;;;;;;;;;;;;;
13/05/13;298,62;;;;;;;;;;;;;;;;;
14/05/13;300,22;;;;;;;;;;;;;;;;;
15/05/13;292,31;;;;;;;;;;;;;;;;;
16/05/13;274,12;;;;;;;;;;;;;;;;;
17/05/13;258,25;;;;;;;;;;;;;;;;;
18/05/13;229,26;;;;;;;;;;;;;;;;;
19/05/13;229,04;;;;;;;;;;;;;;;;;
20/05/13;248,19;;;;;;;;;;;;;;;;;
21/05/13;281,53;;;;;;;;;;;;;;;;;
22/05/13;253,1;;;;;;;;;;;;;;;;;
23/05/13;285,59;;;;;;;;;;;;;;;;;
24/05/13;288,04;;;;;;;;;;;;;;;;;
25/05/13;250,52;;;;;;;;;;;;;;;;;
26/05/13;216,72;;;;;;;;;;;;;;;;;
27/05/13;307,85;;;;;;;;;;;;;;;;;
28/05/13;291,3;;;;;;;;;;;;;;;;;
29/05/13;291,89;;;;;;;;;;;;;;;;;
30/05/13;281,7;;;;;;;;;;;;;;;;;
31/05/13;272,62;;;;;;;;;;;;;;;;;
01/06/13;254,09;;;;;;;;;;;;;;;;;
02/06/13;232,6;;;;;;;;;;;;;;;;;
03/06/13;281,68;;;;;;;;;;;;;;;;;
04/06/13;294,58;;;;;;;;;;;;;;;;;
05/06/13;302,9;;;;;;;;;;;;;;;;;
06/06/13;306,43;;;;;;;;;;;;;;;;;
07/06/13;303,58;;;;;;;;;;;;;;;;;
08/06/13;270,98;;;;;;;;;;;;;;;;;
09/06/13;268,98;;;;;;;;;;;;;;;;;
10/06/13;304,67;;;;;;;;;;;;;;;;;
11/06/13;312,19;;;;;;;;;;;;;;;;;
12/06/13;301,83;;;;;;;;;;;;;;;;;
13/06/13;277,79;;;;;;;;;;;;;;;;;
14/06/13;259,51;;;;;;;;;;;;;;;;;
15/06/13;245,62;;;;;;;;;;;;;;;;;
16/06/13;216,1;;;;;;;;;;;;;;;;;
17/06/13;273,3;;;;;;;;;;;;;;;;;
18/06/13;274,51;;;;;;;;;;;;;;;;;
19/06/13;262,32;;;;;;;;;;;;;;;;;
20/06/13;262,5;;;;;;;;;;;;;;;;;
21/06/13;227,88;;;;;;;;;;;;;;;;;
22/06/13;137,98;;;;;;;;;;;;;;;;;
23/06/13;152,95;;;;;;;;;;;;;;;;;
24/06/13;250,29;;;;;;;;;;;;;;;;;
25/06/13;268,98;;;;;;;;;;;;;;;;;
26/06/13;245,17;;;;;;;;;;;;;;;;;
27/06/13;260,13;;;;;;;;;;;;;;;;;
28/06/13;260,9;;;;;;;;;;;;;;;;;
29/06/13;232,16;;;;;;;;;;;;;;;;;
30/06/13;204,93;;;;;;;;;;;;;;;;;
01/07/13;257,66;;;;;;;;;;;;;;;;;
02/07/13;263,33;;;;;;;;;;;;;;;;;
03/07/13;255,33;;;;;;;;;;;;;;;;;
04/07/13;261,77;;;;;;;;;;;;;;;;;
05/07/13;251,5;;;;;;;;;;;;;;;;;
06/07/13;231,29;;;;;;;;;;;;;;;;;
07/07/13;230,8;;;;;;;;;;;;;;;;;
08/07/13;257,46;;;;;;;;;;;;;;;;;
09/07/13;253,1;;;;;;;;;;;;;;;;;
10/07/13;244,2;;;;;;;;;;;;;;;;;
11/07/13;259,58;;;;;;;;;;;;;;;;;
12/07/13;266,26;;;;;;;;;;;;;;;;;
13/07/13;256,15;;;;;;;;;;;;;;;;;
14/07/13;243,24;;;;;;;;;;;;;;;;;
15/07/13;265,38;;;;;;;;;;;;;;;;;
16/07/13;274,57;;;;;;;;;;;;;;;;;
17/07/13;284,54;;;;;;;;;;;;;;;;;
18/07/13;282,94;;;;;;;;;;;;;;;;;
19/07/13;271,27;;;;;;;;;;;;;;;;;
20/07/13;269,88;;;;;;;;;;;;;;;;;
21/07/13;267,7;;;;;;;;;;;;;;;;;
22/07/13;285,84;;;;;;;;;;;;;;;;;
23/07/13;284,17;;;;;;;;;;;;;;;;;
24/07/13;290,6;;;;;;;;;;;;;;;;;
25/07/13;288,92;;;;;;;;;;;;;;;;;
26/07/13;287,77;;;;;;;;;;;;;;;;;
27/07/13;275,91;;;;;;;;;;;;;;;;;
28/07/13;260,86;;;;;;;;;;;;;;;;;
29/07/13;286,57;;;;;;;;;;;;;;;;;
30/07/13;278,94;;;;;;;;;;;;;;;;;
31/07/13;278,23;;;;;;;;;;;;;;;;;
01/08/13;285,23;;;;;;;;;;;;;;;;;
02/08/13;275,92;;;;;;;;;;;;;;;;;
03/08/13;263,24;;;;;;;;;;;;;;;;;
04/08/13;268,7;;;;;;;;;;;;;;;;;
05/08/13;275,92;;;;;;;;;;;;;;;;;
06/08/13;279,27;;;;;;;;;;;;;;;;;
07/08/13;283,67;;;;;;;;;;;;;;;;;
08/08/13;286,23;;;;;;;;;;;;;;;;;
09/08/13;283,5;;;;;;;;;;;;;;;;;
10/08/13;269,42;;;;;;;;;;;;;;;;;
11/08/13;261,83;;;;;;;;;;;;;;;;;
12/08/13;282,22;;;;;;;;;;;;;;;;;
13/08/13;275,74;;;;;;;;;;;;;;;;;
14/08/13;270,46;;;;;;;;;;;;;;;;;
15/08/13;274,8;;;;;;;;;;;;;;;;;
16/08/13;271,37;;;;;;;;;;;;;;;;;
17/08/13;262,14;;;;;;;;;;;;;;;;;
18/08/13;234,06;;;;;;;;;;;;;;;;;
19/08/13;290,03;;;;;;;;;;;;;;;;;
20/08/13;289,34;;;;;;;;;;;;;;;;;
21/08/13;291,25;;;;;;;;;;;;;;;;;
22/08/13;296,83;;;;;;;;;;;;;;;;;
23/08/13;293,66;;;;;;;;;;;;;;;;;
24/08/13;274,75;;;;;;;;;;;;;;;;;
25/08/13;270,82;;;;;;;;;;;;;;;;;
26/08/13;302,89;;;;;;;;;;;;;;;;;
27/08/13;306,17;;;;;;;;;;;;;;;;;
28/08/13;308,16;;;;;;;;;;;;;;;;;
29/08/13;305,69;;;;;;;;;;;;;;;;;
30/08/13;296,77;;;;;;;;;;;;;;;;;
31/08/13;275,4;;;;;;;;;;;;;;;;;
01/09/13;263,02;;;;;;;;;;;;;;;;;
02/09/13;280,39;;;;;;;;;;;;;;;;;
03/09/13;305,41;;;;;;;;;;;;;;;;;
04/09/13;311,74;;;;;;;;;;;;;;;;;
05/09/13;310,93;;;;;;;;;;;;;;;;;
06/09/13;297,24;;;;;;;;;;;;;;;;;
07/09/13;293,36;;;;;;;;;;;;;;;;;
08/09/13;288,11;;;;;;;;;;;;;;;;;
09/09/13;325,21;;;;;;;;;;;;;;;;;
10/09/13;334,31;;;;;;;;;;;;;;;;;
11/09/13;331,37;;;;;;;;;;;;;;;;;
12/09/13;330,18;;;;;;;;;;;;;;;;;
13/09/13;332,26;;;;;;;;;;;;;;;;;
14/09/13;300,06;;;;;;;;;;;;;;;;;
15/09/13;286,9;;;;;;;;;;;;;;;;;
16/09/13;296,91;;;;;;;;;;;;;;;;;
17/09/13;300,36;;;;;;;;;;;;;;;;;
18/09/13;309,15;;;;;;;;;;;;;;;;;
19/09/13;312,51;;;;;;;;;;;;;;;;;
20/09/13;308,63;;;;;;;;;;;;;;;;;
21/09/13;283,64;;;;;;;;;;;;;;;;;
22/09/13;265,78;;;;;;;;;;;;;;;;;
23/09/13;288,18;;;;;;;;;;;;;;;;;
24/09/13;323,82;;;;;;;;;;;;;;;;;
25/09/13;337,4;;;;;;;;;;;;;;;;;
26/09/13;329,54;;;;;;;;;;;;;;;;;
27/09/13;320,77;;;;;;;;;;;;;;;;;
28/09/13;306,92;;;;;;;;;;;;;;;;;
29/09/13;300,63;;;;;;;;;;;;;;;;;
30/09/13;321,39;;;;;;;;;;;;;;;;;
01/10/13;335,4;;;;;;;;;;;;;;;;;
02/10/13;323,06;;;;;;;;;;;;;;;;;
03/10/13;309,25;;;;;;;;;;;;;;;;;
04/10/13;306,82;;;;;;;;;;;;;;;;;
05/10/13;298,8;;;;;;;;;;;;;;;;;
06/10/13;302,32;;;;;;;;;;;;;;;;;
07/10/13;315,5;;;;;;;;;;;;;;;;;
08/10/13;317,7;;;;;;;;;;;;;;;;;
09/10/13;306,8;;;;;;;;;;;;;;;;;
10/10/13;313,52;;;;;;;;;;;;;;;;;
11/10/13;310,03;;;;;;;;;;;;;;;;;
12/10/13;303,82;;;;;;;;;;;;;;;;;
13/10/13;304,75;;;;;;;;;;;;;;;;;
14/10/13;335,1;;;;;;;;;;;;;;;;;
15/10/13;342,3;;;;;;;;;;;;;;;;;
16/10/13;350,15;;;;;;;;;;;;;;;;;
17/10/13;333,65;;;;;;;;;;;;;;;;;
18/10/13;331,6;;;;;;;;;;;;;;;;;
19/10/13;320,98;;;;;;;;;;;;;;;;;
20/10/13;318,07;;;;;;;;;;;;;;;;;
21/10/13;356,86;;;;;;;;;;;;;;;;;
22/10/13;323,43;;;;;;;;;;;;;;;;;
23/10/13;307,09;;;;;;;;;;;;;;;;;
24/10/13;303,79;;;;;;;;;;;;;;;;;
25/10/13;306,48;;;;;;;;;;;;;;;;;
26/10/13;276,46;;;;;;;;;;;;;;;;;
27/10/13;278,65;;;;;;;;;;;;;;;;;
28/10/13;279,36;;;;;;;;;;;;;;;;;
29/10/13;282,54;;;;;;;;;;;;;;;;;
30/10/13;280,31;;;;;;;;;;;;;;;;;
31/10/13;278,89;;;;;;;;;;;;;;;;;
01/11/13;279,93;;;;;;;;;;;;;;;;;
02/11/13;275,17;;;;;;;;;;;;;;;;;
03/11/13;265,04;;;;;;;;;;;;;;;;;
04/11/13;278,9;;;;;;;;;;;;;;;;;
05/11/13;291,86;;;;;;;;;;;;;;;;;
06/11/13;299,95;;;;;;;;;;;;;;;;;
07/11/13;297,87;;;;;;;;;;;;;;;;;
08/11/13;296,81;;;;;;;;;;;;;;;;;
09/11/13;287,75;;;;;;;;;;;;;;;;;
10/11/13;284,88;;;;;;;;;;;;;;;;;
11/11/13;312,9;;;;;;;;;;;;;;;;;
12/11/13;299,36;;;;;;;;;;;;;;;;;
13/11/13;302,21;;;;;;;;;;;;;;;;;
14/11/13;312,82;;;;;;;;;;;;;;;;;
15/11/13;302,92;;;;;;;;;;;;;;;;;
16/11/13;271,07;;;;;;;;;;;;;;;;;
17/11/13;275,75;;;;;;;;;;;;;;;;;
18/11/13;309,98;;;;;;;;;;;;;;;;;
19/11/13;317,78;;;;;;;;;;;;;;;;;
20/11/13;336,41;;;;;;;;;;;;;;;;;
21/11/13;337,7;;;;;;;;;;;;;;;;;
22/11/13;338,31;;;;;;;;;;;;;;;;;
23/11/13;303,98;;;;;;;;;;;;;;;;;
24/11/13;288,24;;;;;;;;;;;;;;;;;
25/11/13;338,08;;;;;;;;;;;;;;;;;
26/11/13;344,66;;;;;;;;;;;;;;;;;
27/11/13;296,85;;;;;;;;;;;;;;;;;
28/11/13;283,58;;;;;;;;;;;;;;;;;
29/11/13;304,56;;;;;;;;;;;;;;;;;
30/11/13;299,35;;;;;;;;;;;;;;;;;
01/12/13;279,51;;;;;;;;;;;;;;;;;
02/12/13;348,9;;;;;;;;;;;;;;;;;
03/12/13;302,35;;;;;;;;;;;;;;;;;
04/12/13;293,55;;;;;;;;;;;;;;;;;
05/12/13;287,17;;;;;;;;;;;;;;;;;
06/12/13;287,36;;;;;;;;;;;;;;;;;
07/12/13;299,44;;;;;;;;;;;;;;;;;
08/12/13;300,23;;;;;;;;;;;;;;;;;
09/12/13;363,36;;;;;;;;;;;;;;;;;
10/12/13;324,8;;;;;;;;;;;;;;;;;
11/12/13;306,23;;;;;;;;;;;;;;;;;
12/12/13;287,33;;;;;;;;;;;;;;;;;
13/12/13;290,55;;;;;;;;;;;;;;;;;
14/12/13;277,14;;;;;;;;;;;;;;;;;
15/12/13;261,62;;;;;;;;;;;;;;;;;
16/12/13;267,58;;;;;;;;;;;;;;;;;
17/12/13;277,59;;;;;;;;;;;;;;;;;
18/12/13;283,75;;;;;;;;;;;;;;;;;
19/12/13;261,45;;;;;;;;;;;;;;;;;
20/12/13;261,88;;;;;;;;;;;;;;;;;
21/12/13;243,94;;;;;;;;;;;;;;;;;
22/12/13;233,37;;;;;;;;;;;;;;;;;
23/12/13;247,96;;;;;;;;;;;;;;;;;
24/12/13;230,56;;;;;;;;;;;;;;;;;
25/12/13;238,09;;;;;;;;;;;;;;;;;
26/12/13;248,12;;;;;;;;;;;;;;;;;
27/12/13;248,67;;;;;;;;;;;;;;;;;
28/12/13;235,58;;;;;;;;;;;;;;;;;
29/12/13;241;;;;;;;;;;;;;;;;;
30/12/13;249,17;;;;;;;;;;;;;;;;;
31/12/13;243,72;;;;;;;;;;;;;;;;;
01/01/14;236,68;;;;;;;;;;;;;;;;;
02/01/14;250,4;;;;;;;;;;;;;;;;;
03/01/14;246,12;;;;;;;;;;;;;;;;;
04/01/14;234,79;;;;;;;;;;;;;;;;;
05/01/14;243,71;;;;;;;;;;;;;;;;;
06/01/14;236,55;;;;;;;;;;;;;;;;;
07/01/14;245,31;;;;;;;;;;;;;;;;;
08/01/14;246,56;;;;;;;;;;;;;;;;;
09/01/14;250,54;;;;;;;;;;;;;;;;;
10/01/14;254,22;;;;;;;;;;;;;;;;;
11/01/14;250,8;;;;;;;;;;;;;;;;;
12/01/14;255,62;;;;;;;;;;;;;;;;;
13/01/14;329,32;;;;;;;;;;;;;;;;;
14/01/14;348,34;;;;;;;;;;;;;;;;;
15/01/14;347,45;;;;;;;;;;;;;;;;;
16/01/14;270,76;;;;;;;;;;;;;;;;;
17/01/14;286,73;;;;;;;;;;;;;;;;;
18/01/14;259,16;;;;;;;;;;;;;;;;;
19/01/14;256,34;;;;;;;;;;;;;;;;;
20/01/14;288,8;;;;;;;;;;;;;;;;;
21/01/14;353,14;;;;;;;;;;;;;;;;;
22/01/14;355,5;;;;;;;;;;;;;;;;;
23/01/14;337,94;;;;;;;;;;;;;;;;;
24/01/14;346,18;;;;;;;;;;;;;;;;;
25/01/14;274,23;;;;;;;;;;;;;;;;;
26/01/14;265,55;;;;;;;;;;;;;;;;;
27/01/14;277,78;;;;;;;;;;;;;;;;;
28/01/14;286,53;;;;;;;;;;;;;;;;;
29/01/14;289,51;;;;;;;;;;;;;;;;;
30/01/14;303,87;;;;;;;;;;;;;;;;;
31/01/14;315,11;;;;;;;;;;;;;;;;;
01/02/14;264,23;;;;;;;;;;;;;;;;;
02/02/14;256,35;;;;;;;;;;;;;;;;;
03/02/14;281,48;;;;;;;;;;;;;;;;;
04/02/14;274;;;;;;;;;;;;;;;;;
05/02/14;271,33;;;;;;;;;;;;;;;;;
06/02/14;265,9;;;;;;;;;;;;;;;;;
07/02/14;255,82;;;;;;;;;;;;;;;;;
08/02/14;242,68;;;;;;;;;;;;;;;;;
09/02/14;237,26;;;;;;;;;;;;;;;;;
10/02/14;261,82;;;;;;;;;;;;;;;;;
11/02/14;265,94;;;;;;;;;;;;;;;;;
12/02/14;262,8;;;;;;;;;;;;;;;;;
13/02/14;258,41;;;;;;;;;;;;;;;;;
14/02/14;258,57;;;;;;;;;;;;;;;;;
15/02/14;231,71;;;;;;;;;;;;;;;;;
16/02/14;230,26;;;;;;;;;;;;;;;;;
17/02/14;253,82;;;;;;;;;;;;;;;;;
18/02/14;263,95;;;;;;;;;;;;;;;;;
19/02/14;281,54;;;;;;;;;;;;;;;;;
20/02/14;266,3;;;;;;;;;;;;;;;;;
21/02/14;249,19;;;;;;;;;;;;;;;;;
22/02/14;232,32;;;;;;;;;;;;;;;;;
23/02/14;218,29;;;;;;;;;;;;;;;;;
24/02/14;229,66;;;;;;;;;;;;;;;;;
25/02/14;234,09;;;;;;;;;;;;;;;;;
26/02/14;250,04;;;;;;;;;;;;;;;;;
27/02/14;246,14;;;;;;;;;;;;;;;;;
28/02/14;247;;;;;;;;;;;;;;;;;
01/03/14;239,04;;;;;;;;;;;;;;;;;
02/03/14;230,58;;;;;;;;;;;;;;;;;
03/03/14;233,72;;;;;;;;;;;;;;;;;
04/03/14;254,89;;;;;;;;;;;;;;;;;
05/03/14;258,54;;;;;;;;;;;;;;;;;
06/03/14;235,59;;;;;;;;;;;;;;;;;
07/03/14;216,96;;;;;;;;;;;;;;;;;
08/03/14;212,43;;;;;;;;;;;;;;;;;
09/03/14;195,43;;;;;;;;;;;;;;;;;
10/03/14;220,12;;;;;;;;;;;;;;;;;
11/03/14;225,59;;;;;;;;;;;;;;;;;
12/03/14;222,77;;;;;;;;;;;;;;;;;
13/03/14;225,64;;;;;;;;;;;;;;;;;
14/03/14;217,46;;;;;;;;;;;;;;;;;
15/03/14;194,89;;;;;;;;;;;;;;;;;
16/03/14;199,24;;;;;;;;;;;;;;;;;
17/03/14;215,2;;;;;;;;;;;;;;;;;
18/03/14;222,27;;;;;;;;;;;;;;;;;
19/03/14;211,94;;;;;;;;;;;;;;;;;
20/03/14;203,14;;;;;;;;;;;;;;;;;
21/03/14;196,3;;;;;;;;;;;;;;;;;
22/03/14;202,6;;;;;;;;;;;;;;;;;
23/03/14;198,37;;;;;;;;;;;;;;;;;
24/03/14;230,34;;;;;;;;;;;;;;;;;
25/03/14;228,2;;;;;;;;;;;;;;;;;
26/03/14;227,98;;;;;;;;;;;;;;;;;
27/03/14;234,21;;;;;;;;;;;;;;;;;
28/03/14;236,13;;;;;;;;;;;;;;;;;
29/03/14;223,25;;;;;;;;;;;;;;;;;
30/03/14;221,39;;;;;;;;;;;;;;;;;
31/03/14;243,63;;;;;;;;;;;;;;;;;
01/04/14;261,83;;;;;;;;;;;;;;;;;
02/04/14;257,76;;;;;;;;;;;;;;;;;
03/04/14;244,75;;;;;;;;;;;;;;;;;
04/04/14;231,15;;;;;;;;;;;;;;;;;
05/04/14;222,43;;;;;;;;;;;;;;;;;
06/04/14;212,76;;;;;;;;;;;;;;;;;
07/04/14;231,32;;;;;;;;;;;;;;;;;
08/04/14;213,93;;;;;;;;;;;;;;;;;
09/04/14;209,93;;;;;;;;;;;;;;;;;
10/04/14;239,96;;;;;;;;;;;;;;;;;
11/04/14;220,2;;;;;;;;;;;;;;;;;
12/04/14;199,18;;;;;;;;;;;;;;;;;
13/04/14;159,8;;;;;;;;;;;;;;;;;
14/04/14;189,15;;;;;;;;;;;;;;;;;
15/04/14;198,86;;;;;;;;;;;;;;;;;
16/04/14;212,1;;;;;;;;;;;;;;;;;
17/04/14;191,97;;;;;;;;;;;;;;;;;
18/04/14;192,47;;;;;;;;;;;;;;;;;
19/04/14;198,19;;;;;;;;;;;;;;;;;
20/04/14;179,69;;;;;;;;;;;;;;;;;
21/04/14;181,16;;;;;;;;;;;;;;;;;
22/04/14;199,31;;;;;;;;;;;;;;;;;
23/04/14;199,09;;;;;;;;;;;;;;;;;
24/04/14;211,44;;;;;;;;;;;;;;;;;
25/04/14;215,3;;;;;;;;;;;;;;;;;
26/04/14;200,15;;;;;;;;;;;;;;;;;
27/04/14;184,08;;;;;;;;;;;;;;;;;
28/04/14;215,96;;;;;;;;;;;;;;;;;
29/04/14;216,52;;;;;;;;;;;;;;;;;
30/04/14;229,96;;;;;;;;;;;;;;;;;
01/05/14;192,97;;;;;;;;;;;;;;;;;
02/05/14;216,33;;;;;;;;;;;;;;;;;
03/05/14;203,43;;;;;;;;;;;;;;;;;
04/05/14;208,97;;;;;;;;;;;;;;;;;
05/05/14;245,52;;;;;;;;;;;;;;;;;
06/05/14;239,52;;;;;;;;;;;;;;;;;
07/05/14;245,49;;;;;;;;;;;;;;;;;
08/05/14;252,42;;;;;;;;;;;;;;;;;
09/05/14;252,24;;;;;;;;;;;;;;;;;
10/05/14;217,22;;;;;;;;;;;;;;;;;
11/05/14;214,91;;;;;;;;;;;;;;;;;
12/05/14;265,68;;;;;;;;;;;;;;;;;
13/05/14;261,25;;;;;;;;;;;;;;;;;
14/05/14;257,91;;;;;;;;;;;;;;;;;
15/05/14;251,34;;;;;;;;;;;;;;;;;
16/05/14;231,19;;;;;;;;;;;;;;;;;
17/05/14;191,23;;;;;;;;;;;;;;;;;
18/05/14;179,73;;;;;;;;;;;;;;;;;
19/05/14;225,01;;;;;;;;;;;;;;;;;
20/05/14;225,54;;;;;;;;;;;;;;;;;
21/05/14;214,17;;;;;;;;;;;;;;;;;
22/05/14;198,36;;;;;;;;;;;;;;;;;
23/05/14;200,23;;;;;;;;;;;;;;;;;
24/05/14;152,46;;;;;;;;;;;;;;;;;
25/05/14;142,65;;;;;;;;;;;;;;;;;
26/05/14;228,17;;;;;;;;;;;;;;;;;
27/05/14;210,47;;;;;;;;;;;;;;;;;
28/05/14;205,01;;;;;;;;;;;;;;;;;
29/05/14;169,11;;;;;;;;;;;;;;;;;
30/05/14;207,6;;;;;;;;;;;;;;;;;
31/05/14;151,77;;;;;;;;;;;;;;;;;
01/06/14;157,75;;;;;;;;;;;;;;;;;
02/06/14;231,67;;;;;;;;;;;;;;;;;
03/06/14;236,41;;;;;;;;;;;;;;;;;
04/06/14;231,26;;;;;;;;;;;;;;;;;
05/06/14;213,15;;;;;;;;;;;;;;;;;
06/06/14;200,71;;;;;;;;;;;;;;;;;
07/06/14;167,28;;;;;;;;;;;;;;;;;
08/06/14;153,08;;;;;;;;;;;;;;;;;
09/06/14;188,74;;;;;;;;;;;;;;;;;
10/06/14;208,35;;;;;;;;;;;;;;;;;
11/06/14;215,34;;;;;;;;;;;;;;;;;
12/06/14;215,75;;;;;;;;;;;;;;;;;
13/06/14;181,27;;;;;;;;;;;;;;;;;
14/06/14;152,43;;;;;;;;;;;;;;;;;
15/06/14;153,54;;;;;;;;;;;;;;;;;
16/06/14;206,67;;;;;;;;;;;;;;;;;
17/06/14;227,01;;;;;;;;;;;;;;;;;
18/06/14;218,38;;;;;;;;;;;;;;;;;
19/06/14;192,55;;;;;;;;;;;;;;;;;
20/06/14;184,12;;;;;;;;;;;;;;;;;
21/06/14;173,1;;;;;;;;;;;;;;;;;
22/06/14;168,09;;;;;;;;;;;;;;;;;
23/06/14;222,21;;;;;;;;;;;;;;;;;
24/06/14;252,15;;;;;;;;;;;;;;;;;
25/06/14;256,38;;;;;;;;;;;;;;;;;
26/06/14;256,64;;;;;;;;;;;;;;;;;
27/06/14;248,15;;;;;;;;;;;;;;;;;
28/06/14;226,48;;;;;;;;;;;;;;;;;
29/06/14;217,5;;;;;;;;;;;;;;;;;
30/06/14;251,76;;;;;;;;;;;;;;;;;
01/07/14;256,64;;;;;;;;;;;;;;;;;
02/07/14;250,28;;;;;;;;;;;;;;;;;
03/07/14;233,21;;;;;;;;;;;;;;;;;
04/07/14;236,51;;;;;;;;;;;;;;;;;
05/07/14;223,03;;;;;;;;;;;;;;;;;
06/07/14;208,36;;;;;;;;;;;;;;;;;
07/07/14;234,72;;;;;;;;;;;;;;;;;
08/07/14;228,74;;;;;;;;;;;;;;;;;
09/07/14;218,61;;;;;;;;;;;;;;;;;
10/07/14;231,14;;;;;;;;;;;;;;;;;
11/07/14;234,22;;;;;;;;;;;;;;;;;
12/07/14;224,46;;;;;;;;;;;;;;;;;
13/07/14;208,98;;;;;;;;;;;;;;;;;
14/07/14;230,77;;;;;;;;;;;;;;;;;
15/07/14;243,02;;;;;;;;;;;;;;;;;
16/07/14;246,97;;;;;;;;;;;;;;;;;
17/07/14;245,92;;;;;;;;;;;;;;;;;
18/07/14;242,62;;;;;;;;;;;;;;;;;
19/07/14;230,93;;;;;;;;;;;;;;;;;
20/07/14;208,22;;;;;;;;;;;;;;;;;
21/07/14;235,59;;;;;;;;;;;;;;;;;
22/07/14;245,57;;;;;;;;;;;;;;;;;
23/07/14;247,93;;;;;;;;;;;;;;;;;
24/07/14;245,56;;;;;;;;;;;;;;;;;
25/07/14;250,34;;;;;;;;;;;;;;;;;
26/07/14;253,34;;;;;;;;;;;;;;;;;
27/07/14;250,76;;;;;;;;;;;;;;;;;
28/07/14;264,94;;;;;;;;;;;;;;;;;
29/07/14;266,36;;;;;;;;;;;;;;;;;
30/07/14;262,19;;;;;;;;;;;;;;;;;
31/07/14;260,36;;;;;;;;;;;;;;;;;
01/08/14;260,77;;;;;;;;;;;;;;;;;
02/08/14;246,73;;;;;;;;;;;;;;;;;
03/08/14;248,23;;;;;;;;;;;;;;;;;
04/08/14;268,19;;;;;;;;;;;;;;;;;
05/08/14;271,7;;;;;;;;;;;;;;;;;
06/08/14;272,31;;;;;;;;;;;;;;;;;
07/08/14;274,35;;;;;;;;;;;;;;;;;
08/08/14;271,97;;;;;;;;;;;;;;;;;
09/08/14;243,19;;;;;;;;;;;;;;;;;
10/08/14;241,11;;;;;;;;;;;;;;;;;
11/08/14;248,61;;;;;;;;;;;;;;;;;
12/08/14;262,33;;;;;;;;;;;;;;;;;
13/08/14;268,8;;;;;;;;;;;;;;;;;
14/08/14;269,66;;;;;;;;;;;;;;;;;
15/08/14;270,29;;;;;;;;;;;;;;;;;
16/08/14;251,94;;;;;;;;;;;;;;;;;
17/08/14;244,42;;;;;;;;;;;;;;;;;
18/08/14;267,73;;;;;;;;;;;;;;;;;
19/08/14;272,65;;;;;;;;;;;;;;;;;
20/08/14;268,62;;;;;;;;;;;;;;;;;
21/08/14;271,87;;;;;;;;;;;;;;;;;
22/08/14;269,31;;;;;;;;;;;;;;;;;
23/08/14;250,61;;;;;;;;;;;;;;;;;
24/08/14;248,09;;;;;;;;;;;;;;;;;
25/08/14;275,83;;;;;;;;;;;;;;;;;
26/08/14;296,17;;;;;;;;;;;;;;;;;
27/08/14;286,65;;;;;;;;;;;;;;;;;
28/08/14;281,6;;;;;;;;;;;;;;;;;
29/08/14;275,95;;;;;;;;;;;;;;;;;
30/08/14;265,27;;;;;;;;;;;;;;;;;
31/08/14;267,36;;;;;;;;;;;;;;;;;
01/09/14;284,31;;;;;;;;;;;;;;;;;
02/09/14;289,78;;;;;;;;;;;;;;;;;
03/09/14;284,05;;;;;;;;;;;;;;;;;
04/09/14;281,32;;;;;;;;;;;;;;;;;
05/09/14;289,3;;;;;;;;;;;;;;;;;
06/09/14;274,77;;;;;;;;;;;;;;;;;
07/09/14;274,46;;;;;;;;;;;;;;;;;
08/09/14;282,77;;;;;;;;;;;;;;;;;
09/09/14;281,52;;;;;;;;;;;;;;;;;
10/09/14;283,79;;;;;;;;;;;;;;;;;
11/09/14;286,7;;;;;;;;;;;;;;;;;
12/09/14;283,92;;;;;;;;;;;;;;;;;
13/09/14;280,63;;;;;;;;;;;;;;;;;
14/09/14;277,71;;;;;;;;;;;;;;;;;
15/09/14;300,35;;;;;;;;;;;;;;;;;
16/09/14;310,48;;;;;;;;;;;;;;;;;
17/09/14;303,17;;;;;;;;;;;;;;;;;
18/09/14;304,75;;;;;;;;;;;;;;;;;
19/09/14;300,36;;;;;;;;;;;;;;;;;
20/09/14;286,37;;;;;;;;;;;;;;;;;
21/09/14;274,96;;;;;;;;;;;;;;;;;
22/09/14;279,29;;;;;;;;;;;;;;;;;
23/09/14;303,54;;;;;;;;;;;;;;;;;
24/09/14;297,21;;;;;;;;;;;;;;;;;
25/09/14;287,25;;;;;;;;;;;;;;;;;
26/09/14;274,02;;;;;;;;;;;;;;;;;
27/09/14;260;;;;;;;;;;;;;;;;;
28/09/14;264,84;;;;;;;;;;;;;;;;;
29/09/14;278,64;;;;;;;;;;;;;;;;;
30/09/14;291,57;;;;;;;;;;;;;;;;;
01/10/14;288,02;;;;;;;;;;;;;;;;;
02/10/14;288,21;;;;;;;;;;;;;;;;;
03/10/14;273,72;;;;;;;;;;;;;;;;;
04/10/14;261,81;;;;;;;;;;;;;;;;;
05/10/14;259,9;;;;;;;;;;;;;;;;;
06/10/14;264,28;;;;;;;;;;;;;;;;;
07/10/14;261,56;;;;;;;;;;;;;;;;;
08/10/14;264,8;;;;;;;;;;;;;;;;;
09/10/14;268,85;;;;;;;;;;;;;;;;;
10/10/14;264,23;;;;;;;;;;;;;;;;;
11/10/14;270,41;;;;;;;;;;;;;;;;;
12/10/14;266,93;;;;;;;;;;;;;;;;;
13/10/14;278,87;;;;;;;;;;;;;;;;;
14/10/14;281,59;;;;;;;;;;;;;;;;;
15/10/14;281,37;;;;;;;;;;;;;;;;;
16/10/14;286,31;;;;;;;;;;;;;;;;;
17/10/14;283,58;;;;;;;;;;;;;;;;;
18/10/14;264,23;;;;;;;;;;;;;;;;;
19/10/14;238,43;;;;;;;;;;;;;;;;;
20/10/14;239,35;;;;;;;;;;;;;;;;;
21/10/14;260,18;;;;;;;;;;;;;;;;;
22/10/14;257,49;;;;;;;;;;;;;;;;;
23/10/14;261,15;;;;;;;;;;;;;;;;;
24/10/14;235,6;;;;;;;;;;;;;;;;;
25/10/14;216,97;;;;;;;;;;;;;;;;;
26/10/14;177,09;;;;;;;;;;;;;;;;;
27/10/14;189,42;;;;;;;;;;;;;;;;;
28/10/14;179,39;;;;;;;;;;;;;;;;;
29/10/14;210,41;;;;;;;;;;;;;;;;;
30/10/14;243,72;;;;;;;;;;;;;;;;;
31/10/14;249,11;;;;;;;;;;;;;;;;;
01/11/14;196,2;;;;;;;;;;;;;;;;;
02/11/14;157,84;;;;;;;;;;;;;;;;;
03/11/14;186,51;;;;;;;;;;;;;;;;;
04/11/14;221,13;;;;;;;;;;;;;;;;;
05/11/14;256,27;;;;;;;;;;;;;;;;;
06/11/14;266,67;;;;;;;;;;;;;;;;;
07/11/14;261,28;;;;;;;;;;;;;;;;;
08/11/14;232,69;;;;;;;;;;;;;;;;;
09/11/14;217,94;;;;;;;;;;;;;;;;;
10/11/14;249,31;;;;;;;;;;;;;;;;;
11/11/14;253,87;;;;;;;;;;;;;;;;;
12/11/14;254,19;;;;;;;;;;;;;;;;;
13/11/14;262,74;;;;;;;;;;;;;;;;;
14/11/14;259,37;;;;;;;;;;;;;;;;;
15/11/14;244,03;;;;;;;;;;;;;;;;;
16/11/14;237,22;;;;;;;;;;;;;;;;;
17/11/14;261,61;;;;;;;;;;;;;;;;;
18/11/14;269,12;;;;;;;;;;;;;;;;;
19/11/14;280,95;;;;;;;;;;;;;;;;;
20/11/14;289,1;;;;;;;;;;;;;;;;;
21/11/14;291,91;;;;;;;;;;;;;;;;;
22/11/14;270,25;;;;;;;;;;;;;;;;;
23/11/14;254,67;;;;;;;;;;;;;;;;;
24/11/14;257,77;;;;;;;;;;;;;;;;;
25/11/14;279,79;;;;;;;;;;;;;;;;;
26/11/14;285,77;;;;;;;;;;;;;;;;;
27/11/14;279,45;;;;;;;;;;;;;;;;;
28/11/14;277,47;;;;;;;;;;;;;;;;;
29/11/14;275,99;;;;;;;;;;;;;;;;;
30/11/14;279,02;;;;;;;;;;;;;;;;;
01/12/14;288,41;;;;;;;;;;;;;;;;;
02/12/14;294,39;;;;;;;;;;;;;;;;;
03/12/14;298,43;;;;;;;;;;;;;;;;;
04/12/14;306,42;;;;;;;;;;;;;;;;;
05/12/14;289,25;;;;;;;;;;;;;;;;;
06/12/14;282,77;;;;;;;;;;;;;;;;;
07/12/14;266,33;;;;;;;;;;;;;;;;;
08/12/14;283,58;;;;;;;;;;;;;;;;;
09/12/14;292,92;;;;;;;;;;;;;;;;;
10/12/14;267,64;;;;;;;;;;;;;;;;;
11/12/14;271,23;;;;;;;;;;;;;;;;;
12/12/14;278,43;;;;;;;;;;;;;;;;;
13/12/14;280,19;;;;;;;;;;;;;;;;;
14/12/14;279,71;;;;;;;;;;;;;;;;;
15/12/14;280,09;;;;;;;;;;;;;;;;;
16/12/14;287,49;;;;;;;;;;;;;;;;;
17/12/14;307,66;;;;;;;;;;;;;;;;;
18/12/14;293,19;;;;;;;;;;;;;;;;;
19/12/14;275,19;;;;;;;;;;;;;;;;;
20/12/14;262,74;;;;;;;;;;;;;;;;;
21/12/14;265,01;;;;;;;;;;;;;;;;;
22/12/14;263,28;;;;;;;;;;;;;;;;;
23/12/14;269,44;;;;;;;;;;;;;;;;;
24/12/14;266,19;;;;;;;;;;;;;;;;;
25/12/14;272,63;;;;;;;;;;;;;;;;;
26/12/14;283,17;;;;;;;;;;;;;;;;;
27/12/14;286,83;;;;;;;;;;;;;;;;;
28/12/14;300,17;;;;;;;;;;;;;;;;;
29/12/14;390,96;;;;;;;;;;;;;;;;;
30/12/14;286,59;;;;;;;;;;;;;;;;;
31/12/14;262;;;;;;;;;;;;;;;;;
01/01/15;244,22;;;;;;;;;;;;;;;;;
02/01/15;239,51;;;;;;;;;;;;;;;;;
03/01/15;242,71;;;;;;;;;;;;;;;;;
04/01/15;257,57;;;;;;;;;;;;;;;;;
05/01/15;334,79;;;;;;;;;;;;;;;;;
06/01/15;271,2;;;;;;;;;;;;;;;;;
07/01/15;281,61;;;;;;;;;;;;;;;;;
08/01/15;259,39;;;;;;;;;;;;;;;;;
09/01/15;250,8;;;;;;;;;;;;;;;;;
10/01/15;239,77;;;;;;;;;;;;;;;;;
11/01/15;234,59;;;;;;;;;;;;;;;;;
12/01/15;266,21;;;;;;;;;;;;;;;;;
13/01/15;270,87;;;;;;;;;;;;;;;;;
14/01/15;270,52;;;;;;;;;;;;;;;;;
15/01/15;254,81;;;;;;;;;;;;;;;;;
16/01/15;252,84;;;;;;;;;;;;;;;;;
17/01/15;247,56;;;;;;;;;;;;;;;;;
18/01/15;246,39;;;;;;;;;;;;;;;;;
19/01/15;300,8;;;;;;;;;;;;;;;;;
20/01/15;313,33;;;;;;;;;;;;;;;;;
21/01/15;341,91;;;;;;;;;;;;;;;;;
22/01/15;350,51;;;;;;;;;;;;;;;;;
23/01/15;351,68;;;;;;;;;;;;;;;;;
24/01/15;248,52;;;;;;;;;;;;;;;;;
25/01/15;250,33;;;;;;;;;;;;;;;;;
26/01/15;254,29;;;;;;;;;;;;;;;;;
27/01/15;259,39;;;;;;;;;;;;;;;;;
28/01/15;244,62;;;;;;;;;;;;;;;;;
29/01/15;243,58;;;;;;;;;;;;;;;;;
30/01/15;268,41;;;;;;;;;;;;;;;;;
31/01/15;248,07;;;;;;;;;;;;;;;;;
01/02/15;243,21;;;;;;;;;;;;;;;;;
02/02/15;287,91;;;;;;;;;;;;;;;;;
03/02/15;325,83;;;;;;;;;;;;;;;;;
04/02/15;373,52;;;;;;;;;;;;;;;;;
05/02/15;314,72;;;;;;;;;;;;;;;;;
06/02/15;267,32;;;;;;;;;;;;;;;;;
07/02/15;229,62;;;;;;;;;;;;;;;;;
08/02/15;231,09;;;;;;;;;;;;;;;;;
09/02/15;245,39;;;;;;;;;;;;;;;;;
10/02/15;246,49;;;;;;;;;;;;;;;;;
11/02/15;276,54;;;;;;;;;;;;;;;;;
12/02/15;282,81;;;;;;;;;;;;;;;;;
13/02/15;273,95;;;;;;;;;;;;;;;;;
14/02/15;238,39;;;;;;;;;;;;;;;;;
15/02/15;228,83;;;;;;;;;;;;;;;;;
16/02/15;241,42;;;;;;;;;;;;;;;;;
17/02/15;252,49;;;;;;;;;;;;;;;;;
18/02/15;234,78;;;;;;;;;;;;;;;;;
19/02/15;223,69;;;;;;;;;;;;;;;;;
20/02/15;223,12;;;;;;;;;;;;;;;;;
21/02/15;223,42;;;;;;;;;;;;;;;;;
22/02/15;219,88;;;;;;;;;;;;;;;;;
23/02/15;220,41;;;;;;;;;;;;;;;;;
24/02/15;224,34;;;;;;;;;;;;;;;;;
25/02/15;229,9;;;;;;;;;;;;;;;;;
26/02/15;226,9;;;;;;;;;;;;;;;;;
27/02/15;220,5;;;;;;;;;;;;;;;;;
28/02/15;217,38;;;;;;;;;;;;;;;;;
01/03/15;196,28;;;;;;;;;;;;;;;;;
02/03/15;217,75;;;;;;;;;;;;;;;;;
03/03/15;221,69;;;;;;;;;;;;;;;;;
04/03/15;229,22;;;;;;;;;;;;;;;;;
05/03/15;247,32;;;;;;;;;;;;;;;;;
06/03/15;225,95;;;;;;;;;;;;;;;;;
07/03/15;193,14;;;;;;;;;;;;;;;;;
08/03/15;182,84;;;;;;;;;;;;;;;;;
09/03/15;217,44;;;;;;;;;;;;;;;;;
10/03/15;210,95;;;;;;;;;;;;;;;;;
11/03/15;225,43;;;;;;;;;;;;;;;;;
12/03/15;237,03;;;;;;;;;;;;;;;;;
13/03/15;221,88;;;;;;;;;;;;;;;;;
14/03/15;209,78;;;;;;;;;;;;;;;;;
15/03/15;208,63;;;;;;;;;;;;;;;;;
16/03/15;213,15;;;;;;;;;;;;;;;;;
17/03/15;218,44;;;;;;;;;;;;;;;;;
18/03/15;234,83;;;;;;;;;;;;;;;;;
19/03/15;234,03;;;;;;;;;;;;;;;;;
20/03/15;227,94;;;;;;;;;;;;;;;;;
21/03/15;210,61;;;;;;;;;;;;;;;;;
22/03/15;211,46;;;;;;;;;;;;;;;;;
23/03/15;217,52;;;;;;;;;;;;;;;;;
24/03/15;245,08;;;;;;;;;;;;;;;;;
25/03/15;236,56;;;;;;;;;;;;;;;;;
26/03/15;222,73;;;;;;;;;;;;;;;;;
27/03/15;228,95;;;;;;;;;;;;;;;;;
28/03/15;211,48;;;;;;;;;;;;;;;;;
29/03/15;201,57;;;;;;;;;;;;;;;;;
30/03/15;213,14;;;;;;;;;;;;;;;;;
31/03/15;215,97;;;;;;;;;;;;;;;;;
01/04/15;218,43;;;;;;;;;;;;;;;;;
02/04/15;218,93;;;;;;;;;;;;;;;;;
03/04/15;214,88;;;;;;;;;;;;;;;;;
04/04/15;222,14;;;;;;;;;;;;;;;;;
05/04/15;219,19;;;;;;;;;;;;;;;;;
06/04/15;220,63;;;;;;;;;;;;;;;;;
07/04/15;226,5;;;;;;;;;;;;;;;;;
08/04/15;225,11;;;;;;;;;;;;;;;;;
09/04/15;232,26;;;;;;;;;;;;;;;;;
10/04/15;229,03;;;;;;;;;;;;;;;;;
11/04/15;212,81;;;;;;;;;;;;;;;;;
12/04/15;187,94;;;;;;;;;;;;;;;;;
13/04/15;206,45;;;;;;;;;;;;;;;;;
14/04/15;226,18;;;;;;;;;;;;;;;;;
15/04/15;218,54;;;;;;;;;;;;;;;;;
16/04/15;214,37;;;;;;;;;;;;;;;;;
17/04/15;217,41;;;;;;;;;;;;;;;;;
18/04/15;202,96;;;;;;;;;;;;;;;;;
19/04/15;199,43;;;;;;;;;;;;;;;;;
20/04/15;218,4;;;;;;;;;;;;;;;;;
21/04/15;210,46;;;;;;;;;;;;;;;;;
22/04/15;207,31;;;;;;;;;;;;;;;;;
23/04/15;187,93;;;;;;;;;;;;;;;;;
24/04/15;212,55;;;;;;;;;;;;;;;;;
25/04/15;196,52;;;;;;;;;;;;;;;;;
26/04/15;190,82;;;;;;;;;;;;;;;;;
27/04/15;250,73;;;;;;;;;;;;;;;;;
28/04/15;247,28;;;;;;;;;;;;;;;;;
29/04/15;222,34;;;;;;;;;;;;;;;;;
30/04/15;229,2;;;;;;;;;;;;;;;;;
01/05/15;208,83;;;;;;;;;;;;;;;;;
02/05/15;205,14;;;;;;;;;;;;;;;;;
03/05/15;203,19;;;;;;;;;;;;;;;;;
04/05/15;231,7;;;;;;;;;;;;;;;;;
05/05/15;217,8;;;;;;;;;;;;;;;;;
06/05/15;206,35;;;;;;;;;;;;;;;;;
07/05/15;197,54;;;;;;;;;;;;;;;;;
08/05/15;204,64;;;;;;;;;;;;;;;;;
09/05/15;168,55;;;;;;;;;;;;;;;;;
10/05/15;157,82;;;;;;;;;;;;;;;;;
11/05/15;194,06;;;;;;;;;;;;;;;;;
12/05/15;196,25;;;;;;;;;;;;;;;;;
13/05/15;173,4;;;;;;;;;;;;;;;;;
14/05/15;158,01;;;;;;;;;;;;;;;;;
15/05/15;184,19;;;;;;;;;;;;;;;;;
16/05/15;167,33;;;;;;;;;;;;;;;;;
17/05/15;118,42;;;;;;;;;;;;;;;;;
18/05/15;220,19;;;;;;;;;;;;;;;;;
19/05/15;210,05;;;;;;;;;;;;;;;;;
20/05/15;234,89;;;;;;;;;;;;;;;;;
21/05/15;243,85;;;;;;;;;;;;;;;;;
22/05/15;194,29;;;;;;;;;;;;;;;;;
23/05/15;153,34;;;;;;;;;;;;;;;;;
24/05/15;165,87;;;;;;;;;;;;;;;;;
25/05/15;186,77;;;;;;;;;;;;;;;;;
26/05/15;205,08;;;;;;;;;;;;;;;;;
27/05/15;190,04;;;;;;;;;;;;;;;;;
28/05/15;192,79;;;;;;;;;;;;;;;;;
29/05/15;180,06;;;;;;;;;;;;;;;;;
30/05/15;142,86;;;;;;;;;;;;;;;;;
31/05/15;115,73;;;;;;;;;;;;;;;;;
01/06/15;166,77;;;;;;;;;;;;;;;;;
02/06/15;141,83;;;;;;;;;;;;;;;;;
03/06/15;137,1;;;;;;;;;;;;;;;;;
04/06/15;163,73;;;;;;;;;;;;;;;;;
05/06/15;150,65;;;;;;;;;;;;;;;;;
06/06/15;89,19;;;;;;;;;;;;;;;;;
07/06/15;74,05;;;;;;;;;;;;;;;;;
08/06/15;156;;;;;;;;;;;;;;;;;
09/06/15;164,19;;;;;;;;;;;;;;;;;
10/06/15;152,42;;;;;;;;;;;;;;;;;
11/06/15;143,51;;;;;;;;;;;;;;;;;
12/06/15;132,57;;;;;;;;;;;;;;;;;
13/06/15;86,68;;;;;;;;;;;;;;;;;
14/06/15;70,08;;;;;;;;;;;;;;;;;
15/06/15;111,08;;;;;;;;;;;;;;;;;
16/06/15;126,18;;;;;;;;;;;;;;;;;
17/06/15;125,96;;;;;;;;;;;;;;;;;
18/06/15;96,97;;;;;;;;;;;;;;;;;
19/06/15;92,86;;;;;;;;;;;;;;;;;
20/06/15;82,03;;;;;;;;;;;;;;;;;
21/06/15;100,33;;;;;;;;;;;;;;;;;
22/06/15;151,69;;;;;;;;;;;;;;;;;
23/06/15;143,18;;;;;;;;;;;;;;;;;
24/06/15;103,58;;;;;;;;;;;;;;;;;
25/06/15;115,47;;;;;;;;;;;;;;;;;
26/06/15;151;;;;;;;;;;;;;;;;;
27/06/15;133,8;;;;;;;;;;;;;;;;;
28/06/15;131,91;;;;;;;;;;;;;;;;;
29/06/15;149,61;;;;;;;;;;;;;;;;;
30/06/15;145,5;;;;;;;;;;;;;;;;;
01/07/15;140,12;;;;;;;;;;;;;;;;;
02/07/15;102,75;;;;;;;;;;;;;;;;;
03/07/15;97,77;;;;;;;;;;;;;;;;;
04/07/15;87,58;;;;;;;;;;;;;;;;;
05/07/15;100,22;;;;;;;;;;;;;;;;;
06/07/15;98,04;;;;;;;;;;;;;;;;;
07/07/15;96,33;;;;;;;;;;;;;;;;;
08/07/15;79,42;;;;;;;;;;;;;;;;;
09/07/15;56,56;;;;;;;;;;;;;;;;;
10/07/15;57,19;;;;;;;;;;;;;;;;;
11/07/15;80,89;;;;;;;;;;;;;;;;;
12/07/15;75,56;;;;;;;;;;;;;;;;;
13/07/15;103,19;;;;;;;;;;;;;;;;;
14/07/15;107,92;;;;;;;;;;;;;;;;;
15/07/15;92,21;;;;;;;;;;;;;;;;;
16/07/15;110,45;;;;;;;;;;;;;;;;;
17/07/15;91,64;;;;;;;;;;;;;;;;;
18/07/15;61,63;;;;;;;;;;;;;;;;;
19/07/15;81,66;;;;;;;;;;;;;;;;;
20/07/15;93,64;;;;;;;;;;;;;;;;;
21/07/15;82,88;;;;;;;;;;;;;;;;;
22/07/15;92,21;;;;;;;;;;;;;;;;;
23/07/15;86,54;;;;;;;;;;;;;;;;;
24/07/15;92,11;;;;;;;;;;;;;;;;;
25/07/15;63,57;;;;;;;;;;;;;;;;;
26/07/15;35,02;;;;;;;;;;;;;;;;;
27/07/15;87,06;;;;;;;;;;;;;;;;;
28/07/15;89,37;;;;;;;;;;;;;;;;;
29/07/15;71,86;;;;;;;;;;;;;;;;;
30/07/15;67,28;;;;;;;;;;;;;;;;;
31/07/15;57,47;;;;;;;;;;;;;;;;;
01/08/15;60,32;;;;;;;;;;;;;;;;;
02/08/15;67,74;;;;;;;;;;;;;;;;;
03/08/15;83,35;;;;;;;;;;;;;;;;;
04/08/15;77,19;;;;;;;;;;;;;;;;;
05/08/15;81,33;;;;;;;;;;;;;;;;;
06/08/15;77,88;;;;;;;;;;;;;;;;;
07/08/15;74,91;;;;;;;;;;;;;;;;;
08/08/15;57,32;;;;;;;;;;;;;;;;;
09/08/15;71,05;;;;;;;;;;;;;;;;;
10/08/15;105,67;;;;;;;;;;;;;;;;;
11/08/15;94,4;;;;;;;;;;;;;;;;;
12/08/15;105,68;;;;;;;;;;;;;;;;;
13/08/15;115,32;;;;;;;;;;;;;;;;;
14/08/15;98,2;;;;;;;;;;;;;;;;;
15/08/15;100,21;;;;;;;;;;;;;;;;;
16/08/15;101,92;;;;;;;;;;;;;;;;;
17/08/15;108,7;;;;;;;;;;;;;;;;;
18/08/15;118,01;;;;;;;;;;;;;;;;;
19/08/15;162,1;;;;;;;;;;;;;;;;;
20/08/15;196,18;;;;;;;;;;;;;;;;;
21/08/15;184,35;;;;;;;;;;;;;;;;;
22/08/15;161,63;;;;;;;;;;;;;;;;;
23/08/15;150,84;;;;;;;;;;;;;;;;;
24/08/15;187,1;;;;;;;;;;;;;;;;;
25/08/15;170,86;;;;;;;;;;;;;;;;;
26/08/15;172,14;;;;;;;;;;;;;;;;;
27/08/15;152,39;;;;;;;;;;;;;;;;;
28/08/15;151,34;;;;;;;;;;;;;;;;;
29/08/15;129,96;;;;;;;;;;;;;;;;;
30/08/15;141,94;;;;;;;;;;;;;;;;;
31/08/15;167,84;;;;;;;;;;;;;;;;;
01/09/15;153,54;;;;;;;;;;;;;;;;;
02/09/15;150,62;;;;;;;;;;;;;;;;;
03/09/15;165,62;;;;;;;;;;;;;;;;;
04/09/15;179,12;;;;;;;;;;;;;;;;;
05/09/15;139,94;;;;;;;;;;;;;;;;;
06/09/15;102,02;;;;;;;;;;;;;;;;;
07/09/15;190,39;;;;;;;;;;;;;;;;;
08/09/15;199,21;;;;;;;;;;;;;;;;;
09/09/15;199,21;;;;;;;;;;;;;;;;;
10/09/15;200,97;;;;;;;;;;;;;;;;;
11/09/15;184,49;;;;;;;;;;;;;;;;;
12/09/15;151,8;;;;;;;;;;;;;;;;;
13/09/15;157,52;;;;;;;;;;;;;;;;;
14/09/15;177,79;;;;;;;;;;;;;;;;;
15/09/15;172,11;;;;;;;;;;;;;;;;;
16/09/15;188,15;;;;;;;;;;;;;;;;;
17/09/15;173,18;;;;;;;;;;;;;;;;;
18/09/15;135,08;;;;;;;;;;;;;;;;;
19/09/15;122,08;;;;;;;;;;;;;;;;;
20/09/15;137,32;;;;;;;;;;;;;;;;;
21/09/15;192,44;;;;;;;;;;;;;;;;;
22/09/15;171;;;;;;;;;;;;;;;;;
23/09/15;174,5;;;;;;;;;;;;;;;;;
24/09/15;153,98;;;;;;;;;;;;;;;;;
25/09/15;144,74;;;;;;;;;;;;;;;;;
26/09/15;138,77;;;;;;;;;;;;;;;;;
27/09/15;140,47;;;;;;;;;;;;;;;;;
28/09/15;169,48;;;;;;;;;;;;;;;;;
29/09/15;158,5;;;;;;;;;;;;;;;;;
30/09/15;144,48;;;;;;;;;;;;;;;;;
01/10/15;128,59;;;;;;;;;;;;;;;;;
02/10/15;111,02;;;;;;;;;;;;;;;;;
03/10/15;120,28;;;;;;;;;;;;;;;;;
04/10/15;127,75;;;;;;;;;;;;;;;;;
05/10/15;151,8;;;;;;;;;;;;;;;;;
06/10/15;130;;;;;;;;;;;;;;;;;
07/10/15;146,58;;;;;;;;;;;;;;;;;
08/10/15;182,92;;;;;;;;;;;;;;;;;
09/10/15;200,9;;;;;;;;;;;;;;;;;
10/10/15;190,36;;;;;;;;;;;;;;;;;
11/10/15;185,73;;;;;;;;;;;;;;;;;
12/10/15;212,05;;;;;;;;;;;;;;;;;
13/10/15;210,37;;;;;;;;;;;;;;;;;
14/10/15;215,02;;;;;;;;;;;;;;;;;
15/10/15;218,19;;;;;;;;;;;;;;;;;
16/10/15;220,7;;;;;;;;;;;;;;;;;
17/10/15;214,35;;;;;;;;;;;;;;;;;
18/10/15;218,99;;;;;;;;;;;;;;;;;
19/10/15;281,65;;;;;;;;;;;;;;;;;
20/10/15;279,93;;;;;;;;;;;;;;;;;
21/10/15;232,49;;;;;;;;;;;;;;;;;
22/10/15;220,77;;;;;;;;;;;;;;;;;
23/10/15;221,61;;;;;;;;;;;;;;;;;
24/10/15;220,55;;;;;;;;;;;;;;;;;
25/10/15;213,2;;;;;;;;;;;;;;;;;
26/10/15;246,12;;;;;;;;;;;;;;;;;
27/10/15;247,31;;;;;;;;;;;;;;;;;
28/10/15;247,8;;;;;;;;;;;;;;;;;
29/10/15;277,24;;;;;;;;;;;;;;;;;
30/10/15;256,44;;;;;;;;;;;;;;;;;
31/10/15;233,88;;;;;;;;;;;;;;;;;
01/11/15;229,01;;;;;;;;;;;;;;;;;
02/11/15;237,36;;;;;;;;;;;;;;;;;
03/11/15;241,4;;;;;;;;;;;;;;;;;
04/11/15;241,26;;;;;;;;;;;;;;;;;
05/11/15;243,06;;;;;;;;;;;;;;;;;
06/11/15;239,85;;;;;;;;;;;;;;;;;
07/11/15;214,66;;;;;;;;;;;;;;;;;
08/11/15;209,09;;;;;;;;;;;;;;;;;
09/11/15;213,49;;;;;;;;;;;;;;;;;
10/11/15;211,13;;;;;;;;;;;;;;;;;
11/11/15;225,81;;;;;;;;;;;;;;;;;
12/11/15;224,23;;;;;;;;;;;;;;;;;
13/11/15;216,82;;;;;;;;;;;;;;;;;
14/11/15;193,33;;;;;;;;;;;;;;;;;
15/11/15;211,88;;;;;;;;;;;;;;;;;
16/11/15;223,74;;;;;;;;;;;;;;;;;
17/11/15;230,52;;;;;;;;;;;;;;;;;
18/11/15;224,78;;;;;;;;;;;;;;;;;
19/11/15;228,54;;;;;;;;;;;;;;;;;
20/11/15;254,07;;;;;;;;;;;;;;;;;
21/11/15;229,23;;;;;;;;;;;;;;;;;
22/11/15;224,95;;;;;;;;;;;;;;;;;
23/11/15;379,93;;;;;;;;;;;;;;;;;
24/11/15;237,14;;;;;;;;;;;;;;;;;
25/11/15;285,61;;;;;;;;;;;;;;;;;
26/11/15;259,06;;;;;;;;;;;;;;;;;
27/11/15;208,22;;;;;;;;;;;;;;;;;
28/11/15;190,48;;;;;;;;;;;;;;;;;
29/11/15;180,35;;;;;;;;;;;;;;;;;
30/11/15;209,25;;;;;;;;;;;;;;;;;
01/12/15;219,42;;;;;;;;;;;;;;;;;
02/12/15;232,96;;;;;;;;;;;;;;;;;
03/12/15;224,38;;;;;;;;;;;;;;;;;
04/12/15;189,66;;;;;;;;;;;;;;;;;
05/12/15;148,7;;;;;;;;;;;;;;;;;
06/12/15;118,77;;;;;;;;;;;;;;;;;
07/12/15;196,5;;;;;;;;;;;;;;;;;
08/12/15;204,42;;;;;;;;;;;;;;;;;
09/12/15;186,08;;;;;;;;;;;;;;;;;
10/12/15;177,34;;;;;;;;;;;;;;;;;
11/12/15;189,89;;;;;;;;;;;;;;;;;
12/12/15;189,16;;;;;;;;;;;;;;;;;
13/12/15;208,98;;;;;;;;;;;;;;;;;
14/12/15;323,62;;;;;;;;;;;;;;;;;
15/12/15;265,99;;;;;;;;;;;;;;;;;
16/12/15;286,58;;;;;;;;;;;;;;;;;
17/12/15;255,76;;;;;;;;;;;;;;;;;
18/12/15;175,04;;;;;;;;;;;;;;;;;
19/12/15;147,88;;;;;;;;;;;;;;;;;
20/12/15;122,21;;;;;;;;;;;;;;;;;
21/12/15;128,34;;;;;;;;;;;;;;;;;
22/12/15;123,64;;;;;;;;;;;;;;;;;
23/12/15;113,5;;;;;;;;;;;;;;;;;
24/12/15;99,96;;;;;;;;;;;;;;;;;
25/12/15;83,23;;;;;;;;;;;;;;;;;
26/12/15;114,01;;;;;;;;;;;;;;;;;
27/12/15;131,72;;;;;;;;;;;;;;;;;
28/12/15;201,82;;;;;;;;;;;;;;;;;
29/12/15;156,86;;;;;;;;;;;;;;;;;
30/12/15;152,42;;;;;;;;;;;;;;;;;
31/12/15;147,86;;;;;;;;;;;;;;;;;
01/01/16;159,33;;;;;;;;;;;;;;;;;
02/01/16;151,48;;;;;;;;;;;;;;;;;
03/01/16;162,14;;;;;;;;;;;;;;;;;
04/01/16;185,37;;;;;;;;;;;;;;;;;
05/01/16;220,47;;;;;;;;;;;;;;;;;
06/01/16;289,51;;;;;;;;;;;;;;;;;
07/01/16;375,3;;;;;;;;;;;;;;;;;
08/01/16;318,07;;;;;;;;;;;;;;;;;
09/01/16;257,77;;;;;;;;;;;;;;;;;
10/01/16;214,07;;;;;;;;;;;;;;;;;
11/01/16;323,29;;;;;;;;;;;;;;;;;
12/01/16;303,51;;;;;;;;;;;;;;;;;
13/01/16;324,68;;;;;;;;;;;;;;;;;
14/01/16;413,06;;;;;;;;;;;;;;;;;
15/01/16;404,22;;;;;;;;;;;;;;;;;
16/01/16;258,61;;;;;;;;;;;;;;;;;
17/01/16;246,34;;;;;;;;;;;;;;;;;
18/01/16;476,85;;;;;;;;;;;;;;;;;
19/01/16;534,19;;;;;;;;;;;;;;;;;
20/01/16;483,44;;;;;;;;;;;;;;;;;
21/01/16;784,83;;;;;;;;;;;;;;;;;
22/01/16;363,91;;;;;;;;;;;;;;;;;
23/01/16;232,55;;;;;;;;;;;;;;;;;
24/01/16;213,82;;;;;;;;;;;;;;;;;
25/01/16;250,45;;;;;;;;;;;;;;;;;
26/01/16;175,22;;;;;;;;;;;;;;;;;
27/01/16;161,87;;;;;;;;;;;;;;;;;
28/01/16;162,64;;;;;;;;;;;;;;;;;
29/01/16;158,05;;;;;;;;;;;;;;;;;
30/01/16;140,96;;;;;;;;;;;;;;;;;
31/01/16;156,03;;;;;;;;;;;;;;;;;
01/02/16;181,21;;;;;;;;;;;;;;;;;
02/02/16;161,77;;;;;;;;;;;;;;;;;
03/02/16;175;;;;;;;;;;;;;;;;;
04/02/16;177,54;;;;;;;;;;;;;;;;;
05/02/16;218,55;;;;;;;;;;;;;;;;;
06/02/16;155,25;;;;;;;;;;;;;;;;;
07/02/16;142,69;;;;;;;;;;;;;;;;;
08/02/16;147,69;;;;;;;;;;;;;;;;;
09/02/16;164,33;;;;;;;;;;;;;;;;;
10/02/16;192,76;;;;;;;;;;;;;;;;;
11/02/16;197,42;;;;;;;;;;;;;;;;;
12/02/16;211,58;;;;;;;;;;;;;;;;;
13/02/16;182,09;;;;;;;;;;;;;;;;;
14/02/16;168,87;;;;;;;;;;;;;;;;;
15/02/16;220,79;;;;;;;;;;;;;;;;;
16/02/16;258,82;;;;;;;;;;;;;;;;;
17/02/16;180,24;;;;;;;;;;;;;;;;;
18/02/16;232,06;;;;;;;;;;;;;;;;;
19/02/16;202,96;;;;;;;;;;;;;;;;;
20/02/16;159,87;;;;;;;;;;;;;;;;;
21/02/16;154,47;;;;;;;;;;;;;;;;;
22/02/16;177,19;;;;;;;;;;;;;;;;;
23/02/16;188,02;;;;;;;;;;;;;;;;;
24/02/16;193,05;;;;;;;;;;;;;;;;;
25/02/16;247,65;;;;;;;;;;;;;;;;;
26/02/16;227,53;;;;;;;;;;;;;;;;;
27/02/16;186,96;;;;;;;;;;;;;;;;;
28/02/16;181,1;;;;;;;;;;;;;;;;;
29/02/16;237;;;;;;;;;;;;;;;;;
01/03/16;195,19;;;;;;;;;;;;;;;;;
02/03/16;225,35;;;;;;;;;;;;;;;;;
03/03/16;240,63;;;;;;;;;;;;;;;;;
04/03/16;224,18;;;;;;;;;;;;;;;;;
05/03/16;188,83;;;;;;;;;;;;;;;;;
06/03/16;184,86;;;;;;;;;;;;;;;;;
07/03/16;219,05;;;;;;;;;;;;;;;;;
08/03/16;238,07;;;;;;;;;;;;;;;;;
09/03/16;229,44;;;;;;;;;;;;;;;;;
10/03/16;234,72;;;;;;;;;;;;;;;;;
11/03/16;249,72;;;;;;;;;;;;;;;;;
12/03/16;213,19;;;;;;;;;;;;;;;;;
13/03/16;202,29;;;;;;;;;;;;;;;;;
14/03/16;212,31;;;;;;;;;;;;;;;;;
15/03/16;208,87;;;;;;;;;;;;;;;;;
16/03/16;206,83;;;;;;;;;;;;;;;;;
17/03/16;208,37;;;;;;;;;;;;;;;;;
18/03/16;207,36;;;;;;;;;;;;;;;;;
19/03/16;201,31;;;;;;;;;;;;;;;;;
20/03/16;192,64;;;;;;;;;;;;;;;;;
21/03/16;205,17;;;;;;;;;;;;;;;;;
22/03/16;206,38;;;;;;;;;;;;;;;;;
23/03/16;205;;;;;;;;;;;;;;;;;
24/03/16;201,33;;;;;;;;;;;;;;;;;
25/03/16;194,72;;;;;;;;;;;;;;;;;
26/03/16;184,76;;;;;;;;;;;;;;;;;
27/03/16;159,7;;;;;;;;;;;;;;;;;
28/03/16;159,05;;;;;;;;;;;;;;;;;
29/03/16;188,13;;;;;;;;;;;;;;;;;
30/03/16;206,69;;;;;;;;;;;;;;;;;
31/03/16;211,51;;;;;;;;;;;;;;;;;
01/04/16;215,52;;;;;;;;;;;;;;;;;
02/04/16;193,99;;;;;;;;;;;;;;;;;
03/04/16;187,46;;;;;;;;;;;;;;;;;
04/04/16;219,05;;;;;;;;;;;;;;;;;
05/04/16;215,04;;;;;;;;;;;;;;;;;
06/04/16;199,21;;;;;;;;;;;;;;;;;
07/04/16;191,76;;;;;;;;;;;;;;;;;
08/04/16;203,86;;;;;;;;;;;;;;;;;
09/04/16;200,13;;;;;;;;;;;;;;;;;
10/04/16;191,83;;;;;;;;;;;;;;;;;
11/04/16;215,11;;;;;;;;;;;;;;;;;
12/04/16;208,4;;;;;;;;;;;;;;;;;
13/04/16;226,51;;;;;;;;;;;;;;;;;
14/04/16;222,59;;;;;;;;;;;;;;;;;
15/04/16;209,2;;;;;;;;;;;;;;;;;
16/04/16;192,22;;;;;;;;;;;;;;;;;
17/04/16;177,96;;;;;;;;;;;;;;;;;
18/04/16;198,68;;;;;;;;;;;;;;;;;
19/04/16;191,87;;;;;;;;;;;;;;;;;
20/04/16;200,81;;;;;;;;;;;;;;;;;
21/04/16;201,41;;;;;;;;;;;;;;;;;
22/04/16;199,92;;;;;;;;;;;;;;;;;
23/04/16;200,48;;;;;;;;;;;;;;;;;
24/04/16;198,63;;;;;;;;;;;;;;;;;
25/04/16;230,9;;;;;;;;;;;;;;;;;
26/04/16;229,59;;;;;;;;;;;;;;;;;
27/04/16;223,8;;;;;;;;;;;;;;;;;
28/04/16;233,66;;;;;;;;;;;;;;;;;
29/04/16;208,76;;;;;;;;;;;;;;;;;
30/04/16;206,78;;;;;;;;;;;;;;;;;
01/05/16;200,27;;;;;;;;;;;;;;;;;
02/05/16;223,47;;;;;;;;;;;;;;;;;
03/05/16;223,04;;;;;;;;;;;;;;;;;
04/05/16;232,9;;;;;;;;;;;;;;;;;
05/05/16;199,44;;;;;;;;;;;;;;;;;
06/05/16;204,43;;;;;;;;;;;;;;;;;
07/05/16;173,75;;;;;;;;;;;;;;;;;
08/05/16;151,87;;;;;;;;;;;;;;;;;
09/05/16;198,23;;;;;;;;;;;;;;;;;
10/05/16;221,89;;;;;;;;;;;;;;;;;
11/05/16;226,64;;;;;;;;;;;;;;;;;
12/05/16;218,1;;;;;;;;;;;;;;;;;
13/05/16;231,76;;;;;;;;;;;;;;;;;
14/05/16;188,31;;;;;;;;;;;;;;;;;
15/05/16;185,75;;;;;;;;;;;;;;;;;
16/05/16;207,79;;;;;;;;;;;;;;;;;
17/05/16;229,22;;;;;;;;;;;;;;;;;
18/05/16;254,56;;;;;;;;;;;;;;;;;
19/05/16;272,32;;;;;;;;;;;;;;;;;
20/05/16;234,98;;;;;;;;;;;;;;;;;
21/05/16;214,99;;;;;;;;;;;;;;;;;
22/05/16;206,81;;;;;;;;;;;;;;;;;
23/05/16;226,87;;;;;;;;;;;;;;;;;
24/05/16;224,18;;;;;;;;;;;;;;;;;
25/05/16;225,72;;;;;;;;;;;;;;;;;
26/05/16;233,7;;;;;;;;;;;;;;;;;
27/05/16;240,2;;;;;;;;;;;;;;;;;
28/05/16;214,01;;;;;;;;;;;;;;;;;
29/05/16;193,67;;;;;;;;;;;;;;;;;
30/05/16;209,65;;;;;;;;;;;;;;;;;
31/05/16;226,14;;;;;;;;;;;;;;;;;
01/06/16;238,5;;;;;;;;;;;;;;;;;
02/06/16;229,18;;;;;;;;;;;;;;;;;
03/06/16;229,05;;;;;;;;;;;;;;;;;
04/06/16;211,87;;;;;;;;;;;;;;;;;
05/06/16;207,13;;;;;;;;;;;;;;;;;
06/06/16;250,04;;;;;;;;;;;;;;;;;
07/06/16;255;;;;;;;;;;;;;;;;;
08/06/16;245,19;;;;;;;;;;;;;;;;;
09/06/16;249,08;;;;;;;;;;;;;;;;;
10/06/16;245,3;;;;;;;;;;;;;;;;;
11/06/16;238,45;;;;;;;;;;;;;;;;;
12/06/16;234,84;;;;;;;;;;;;;;;;;
13/06/16;258,89;;;;;;;;;;;;;;;;;
14/06/16;257,88;;;;;;;;;;;;;;;;;
15/06/16;268,12;;;;;;;;;;;;;;;;;
16/06/16;267,82;;;;;;;;;;;;;;;;;
17/06/16;260,2;;;;;;;;;;;;;;;;;
18/06/16;233,3;;;;;;;;;;;;;;;;;
19/06/16;222,23;;;;;;;;;;;;;;;;;
20/06/16;259,02;;;;;;;;;;;;;;;;;
21/06/16;260,71;;;;;;;;;;;;;;;;;
22/06/16;263,77;;;;;;;;;;;;;;;;;
23/06/16;261,29;;;;;;;;;;;;;;;;;
24/06/16;251,51;;;;;;;;;;;;;;;;;
25/06/16;240,47;;;;;;;;;;;;;;;;;
26/06/16;223,68;;;;;;;;;;;;;;;;;
27/06/16;267,5;;;;;;;;;;;;;;;;;
28/06/16;278,27;;;;;;;;;;;;;;;;;
29/06/16;270,38;;;;;;;;;;;;;;;;;
30/06/16;253,67;;;;;;;;;;;;;;;;;
01/07/16;236,22;;;;;;;;;;;;;;;;;
02/07/16;200,32;;;;;;;;;;;;;;;;;
03/07/16;196,34;;;;;;;;;;;;;;;;;
04/07/16;240,7;;;;;;;;;;;;;;;;;
05/07/16;230,75;;;;;;;;;;;;;;;;;
06/07/16;205,78;;;;;;;;;;;;;;;;;
07/07/16;234,54;;;;;;;;;;;;;;;;;
08/07/16;240,28;;;;;;;;;;;;;;;;;
09/07/16;221,68;;;;;;;;;;;;;;;;;
10/07/16;222,33;;;;;;;;;;;;;;;;;
11/07/16;233,8;;;;;;;;;;;;;;;;;
12/07/16;240,23;;;;;;;;;;;;;;;;;
13/07/16;245,21;;;;;;;;;;;;;;;;;
14/07/16;237,33;;;;;;;;;;;;;;;;;
15/07/16;231,29;;;;;;;;;;;;;;;;;
16/07/16;228,53;;;;;;;;;;;;;;;;;
17/07/16;221,12;;;;;;;;;;;;;;;;;
18/07/16;247,64;;;;;;;;;;;;;;;;;
19/07/16;260,32;;;;;;;;;;;;;;;;;
20/07/16;252,71;;;;;;;;;;;;;;;;;
21/07/16;257,99;;;;;;;;;;;;;;;;;
22/07/16;253,87;;;;;;;;;;;;;;;;;
23/07/16;244,97;;;;;;;;;;;;;;;;;
24/07/16;240,55;;;;;;;;;;;;;;;;;
25/07/16;261,24;;;;;;;;;;;;;;;;;
26/07/16;256,34;;;;;;;;;;;;;;;;;
27/07/16;255,69;;;;;;;;;;;;;;;;;
28/07/16;248,5;;;;;;;;;;;;;;;;;
29/07/16;246,41;;;;;;;;;;;;;;;;;
30/07/16;234,13;;;;;;;;;;;;;;;;;
31/07/16;225,95;;;;;;;;;;;;;;;;;
01/08/16;241,49;;;;;;;;;;;;;;;;;
02/08/16;249,08;;;;;;;;;;;;;;;;;
03/08/16;240,36;;;;;;;;;;;;;;;;;
04/08/16;231,71;;;;;;;;;;;;;;;;;
05/08/16;241,54;;;;;;;;;;;;;;;;;
06/08/16;214,31;;;;;;;;;;;;;;;;;
07/08/16;196,1;;;;;;;;;;;;;;;;;
08/08/16;209,87;;;;;;;;;;;;;;;;;
09/08/16;218,6;;;;;;;;;;;;;;;;;
10/08/16;234,28;;;;;;;;;;;;;;;;;
11/08/16;241,91;;;;;;;;;;;;;;;;;
12/08/16;230,28;;;;;;;;;;;;;;;;;
13/08/16;189,65;;;;;;;;;;;;;;;;;
14/08/16;202,12;;;;;;;;;;;;;;;;;
15/08/16;234,58;;;;;;;;;;;;;;;;;
16/08/16;235,48;;;;;;;;;;;;;;;;;
17/08/16;246,09;;;;;;;;;;;;;;;;;
18/08/16;244,08;;;;;;;;;;;;;;;;;
19/08/16;254,29;;;;;;;;;;;;;;;;;
20/08/16;232,76;;;;;;;;;;;;;;;;;
21/08/16;219,87;;;;;;;;;;;;;;;;;
22/08/16;265,25;;;;;;;;;;;;;;;;;
23/08/16;255,89;;;;;;;;;;;;;;;;;
24/08/16;258,34;;;;;;;;;;;;;;;;;
25/08/16;248,79;;;;;;;;;;;;;;;;;
26/08/16;239,6;;;;;;;;;;;;;;;;;
27/08/16;216,36;;;;;;;;;;;;;;;;;
28/08/16;213,82;;;;;;;;;;;;;;;;;
29/08/16;249,15;;;;;;;;;;;;;;;;;
30/08/16;264,07;;;;;;;;;;;;;;;;;
31/08/16;248,24;;;;;;;;;;;;;;;;;
01/09/16;236,78;;;;;;;;;;;;;;;;;
02/09/16;231,63;;;;;;;;;;;;;;;;;
03/09/16;221,52;;;;;;;;;;;;;;;;;
04/09/16;212,17;;;;;;;;;;;;;;;;;
05/09/16;247,45;;;;;;;;;;;;;;;;;
06/09/16;240,29;;;;;;;;;;;;;;;;;
07/09/16;229,03;;;;;;;;;;;;;;;;;
08/09/16;240;;;;;;;;;;;;;;;;;
09/09/16;233,41;;;;;;;;;;;;;;;;;
10/09/16;224,2;;;;;;;;;;;;;;;;;
11/09/16;213,85;;;;;;;;;;;;;;;;;
12/09/16;237,97;;;;;;;;;;;;;;;;;
13/09/16;239,17;;;;;;;;;;;;;;;;;
14/09/16;240,98;;;;;;;;;;;;;;;;;
15/09/16;239,79;;;;;;;;;;;;;;;;;
16/09/16;228,47;;;;;;;;;;;;;;;;;
17/09/16;222,65;;;;;;;;;;;;;;;;;
18/09/16;219,46;;;;;;;;;;;;;;;;;
19/09/16;259,57;;;;;;;;;;;;;;;;;
20/09/16;252,33;;;;;;;;;;;;;;;;;
21/09/16;253,45;;;;;;;;;;;;;;;;;
22/09/16;245,48;;;;;;;;;;;;;;;;;
23/09/16;237,82;;;;;;;;;;;;;;;;;
24/09/16;226,24;;;;;;;;;;;;;;;;;
25/09/16;214,58;;;;;;;;;;;;;;;;;
26/09/16;248,14;;;;;;;;;;;;;;;;;
27/09/16;237,4;;;;;;;;;;;;;;;;;
28/09/16;209,66;;;;;;;;;;;;;;;;;
29/09/16;211,4;;;;;;;;;;;;;;;;;
30/09/16;211,52;;;;;;;;;;;;;;;;;
01/10/16;227,99;;;;;;;;;;;;;;;;;
02/10/16;231,37;;;;;;;;;;;;;;;;;
03/10/16;246,56;;;;;;;;;;;;;;;;;
04/10/16;246,94;;;;;;;;;;;;;;;;;
05/10/16;247,52;;;;;;;;;;;;;;;;;
06/10/16;254,64;;;;;;;;;;;;;;;;;
07/10/16;259,94;;;;;;;;;;;;;;;;;
08/10/16;260,42;;;;;;;;;;;;;;;;;
09/10/16;265,48;;;;;;;;;;;;;;;;;
10/10/16;296,46;;;;;;;;;;;;;;;;;
11/10/16;292,5;;;;;;;;;;;;;;;;;
12/10/16;299,97;;;;;;;;;;;;;;;;;
13/10/16;303,07;;;;;;;;;;;;;;;;;
14/10/16;284,71;;;;;;;;;;;;;;;;;
15/10/16;268,77;;;;;;;;;;;;;;;;;
16/10/16;278,37;;;;;;;;;;;;;;;;;
17/10/16;298,03;;;;;;;;;;;;;;;;;
18/10/16;313,57;;;;;;;;;;;;;;;;;
19/10/16;318,5;;;;;;;;;;;;;;;;;
20/10/16;330,41;;;;;;;;;;;;;;;;;
21/10/16;316,2;;;;;;;;;;;;;;;;;
22/10/16;306,45;;;;;;;;;;;;;;;;;
23/10/16;306,96;;;;;;;;;;;;;;;;;
24/10/16;342,21;;;;;;;;;;;;;;;;;
25/10/16;368,17;;;;;;;;;;;;;;;;;
26/10/16;360,07;;;;;;;;;;;;;;;;;
27/10/16;335,11;;;;;;;;;;;;;;;;;
28/10/16;302,14;;;;;;;;;;;;;;;;;
29/10/16;295,02;;;;;;;;;;;;;;;;;